timestamp,open,high,low,close,returns,target,RSI_14,MACD_12_26_9,MACDh_12_26_9,MACDs_12_26_9,BBL_5_2.0_2.0,BBM_5_2.0_2.0,BBU_5_2.0_2.0,BBB_5_2.0_2.0,BBP_5_2.0_2.0,EMA_10,EMA_30,SMA_50,SMA_200,STOCHk_14_3_3,STOCHd_14_3_3,STOCHh_14_3_3,ADX_14,ADXR_14_2,DMP_14,DMN_14,volatility_20,close_to_high_20,close_to_low_20,dayofweek,month
2024-07-28,2386.6,2402.17,2386.6,2396.45,0.004127210257269809,0,51.97629808146547,9.886299422759748,-6.2501051928387135,16.13640461559846,2357.187559641355,2390.824,2424.460440358645,2.8137947718982996,0.583629538976377,2397.94437652106,2384.92571954115,2358.2738,2211.4829,22.421398163820143,25.11397117492917,-2.692573011109026,22.130760507424306,23.66443717098677,26.784290672928783,24.184277748757932,0.009881755896296161,0.9650574657098445,1.0196357911755944,6,7
2024-07-29,2397.17,2402.24,2369.86,2381.06,-0.006421999207160578,1,48.69225184953594,7.789146324409103,-6.677806632951489,14.466952957360592,2357.5993867829006,2385.368,2413.1366132170992,2.32824563900407,0.4224304079155955,2394.874489880867,2384.6763182804307,2359.3798,2213.24795,26.770785249012746,24.217487274098016,2.553297974914731,20.775965346127194,22.10834569783786,24.70548903747868,26.319737519073072,0.009441995810685415,0.9588598674301915,1.0130876909330724,0,7
2024-07-30,2380.88,2412.27,2376.3,2409.62,0.011994657841465584,1,54.44463393859645,8.335603055622414,-4.905079921390543,13.240682977012957,2353.5186987853554,2387.5660000000003,2421.613301214645,2.852051102641343,0.8238729534092037,2397.555491720709,2386.2855880687903,2361.0611999999996,2215.2745999999997,32.67425757808901,27.28881366364063,5.3854439144483806,19.421838446456455,20.77629947694038,24.97556874321016,24.083580804918903,0.009807016650878467,0.9703610634579296,1.025239331149215,1,7
2024-07-31,2409.74,2450.56,2404.22,2445.84,0.015031415741901366,1,60.49391413017569,11.558090773175536,-1.3460737630699384,12.904164536245474,2352.2599670499953,2403.914,2455.568032950005,4.297494248962723,0.9058347200167259,2406.3344932260347,2390.1278081933847,2362.9701999999997,2217.4683999999997,45.34030876545125,34.928450530851,10.411858234600246,19.326107343951914,20.051036345039556,31.05479662644919,21.54407709218237,0.009979434206185581,0.9849469640225192,1.0406501297706676,2,7
2024-08-01,2445.94,2461.49,2430.25,2445.86,8.177149772636838e-06,0,60.49703345142693,13.95271116985441,0.8388373068871484,13.113873862967262,2357.238383270803,2415.766,2474.2936167291973,4.845470689561591,0.7570923068612435,2413.5209490031193,2393.723433471231,2365.3142,2219.7834,61.95824998717771,46.657605443572656,15.300644543605053,19.52073394608841,19.47128619627243,31.334430185362635,20.012074228893784,0.009987259743651205,0.9849550180813622,1.0393585014703135,3,8
2024-08-02,2444.91,2476.93,2411.83,2442.08,-0.0015454686695068887,0,59.54016416266147,15.368294544234686,1.8035365450139391,13.564757999220747,2367.1998750608072,2424.8920000000003,2482.5841249391933,4.75832531421548,0.6489631385402742,2418.713503729825,2396.8432119569584,2367.0562,2222.0815000000002,71.44118969145747,59.5799161480288,11.861273543428666,18.996778219482646,19.16144278171728,27.022156346738708,21.151968773497497,0.01000667524168317,0.9834328009600438,1.0377522054699053,4,8
2024-08-04,2442.08,2446.22,2437.8,2440.76,-0.000540522832994661,0,59.188101667380806,16.196933432489914,2.105740346615331,14.091193085874583,2406.073058535786,2436.8320000000003,2467.5909414642147,2.5245024248051835,0.5638513520461979,2422.7219575971294,2399.676553121026,2368.3378000000002,2224.1204500000003,71.27979286211304,68.22641084691607,3.0533820151969735,18.510247901920152,19.015490924004283,26.513910196775786,20.754132029629957,0.009200005147385597,0.982901233076409,1.0371912767078584,6,8
2024-08-05,2440.7,2457.18,2364.71,2404.79,-0.01473721299922981,0,50.43618533932268,13.792169787305284,-0.23921863885543893,14.031388426160722,2400.8282557803877,2435.866,2470.9037442196122,2.8768203357337594,0.05653537788820686,2419.4616016703785,2400.0064529196693,2370.5634,2225.96615,61.41967822782781,68.04688692713277,-6.6272086993049655,18.490296407918446,18.743537313700546,21.68920139859669,31.36068800116617,0.009806110327571017,0.9684160082473563,1.0219059679420714,0,8
2024-08-06,2405.4,2417.77,2381.81,2384.05,-0.008624453694501266,1,46.19473645734163,10.096447047775655,-3.1479531027080547,13.24440015048371,2368.286085147295,2423.5080000000003,2478.7299148527054,4.55718857562716,0.14273241787026544,2413.0231286394005,2398.977004344207,2372.2752,2227.7891500000005,45.78111946533025,59.493530185090364,-13.712410719760115,18.471770020631148,18.49100896127565,20.15335366847956,29.139986528745016,0.009990253167840229,0.9600639492272132,1.0130925872414205,1,8
2024-08-07,2384.37,2406.61,2379.39,2384.72,0.0002810343742789545,1,46.351692761030854,7.1393258467446685,-4.884059442991234,12.023385289735902,2353.7757653733242,2411.28,2468.784234626676,4.769602420845024,0.26906048595872156,2407.8771052504185,2398.0571976123233,2373.772,2229.62415,30.678847656776497,45.959881783311516,-15.281034126535019,18.514747980876706,18.502522194397578,19.053505802557545,28.03489349700686,0.009886627959622866,0.960333760198452,1.0133773010827625,2,8
2024-08-08,2384.8,2427.37,2383.31,2424.66,0.016748297494045383,1,54.81378746607858,7.927230024321943,-3.276924212331169,11.204154236653112,2358.0322569735763,2407.796,2457.5597430264233,4.133551432631629,0.6694406306117849,2410.928540659433,2399.7735074437865,2375.9679999999994,2231.6094000000007,36.033632468267555,37.49786653012477,-1.464234061857212,17.815404263076136,18.143587141853644,21.49137510408315,25.599557931754664,0.009665849192162347,0.976417715707831,1.0303496455950094,3,8
2024-08-09,2424.45,2436.87,2416.95,2430.71,0.0024951952026264212,0,55.94730015412132,8.93681614607749,-1.813870472460497,10.750686618537987,2362.2583568292516,2405.786,2449.3136431707485,3.6185798047497517,0.7863008215518257,2414.525169630445,2401.769410189349,2378.173,2233.5590500000008,48.60807933813034,38.440186487724795,10.167892850405543,16.847030005090673,17.68088899298369,22.554513738088623,24.560759655069855,0.009681494947810912,0.9813398037086233,1.032920569087726,4,8
2024-08-11,2430.71,2433.31,2426.8,2427.83,-0.0011848389976591989,1,55.236950883621425,9.396214775418684,-1.083577474495442,10.479792249914127,2362.7134660264815,2410.394,2458.074533973518,3.9562439977462875,0.6828419120650376,2416.9442296976367,2403.4507385642296,2380.6864,2235.5378000000005,59.90815135952049,48.183287721972796,11.724863637547692,15.947825336961312,16.881614800018724,22.236936008960615,24.21493307829272,0.009578097019926325,0.980177074039234,1.0316967245159865,6,8
2024-08-12,2427.85,2475.84,2423.79,2475.32,0.019560677642174396,0,63.47272527793091,13.437439174184874,2.3661175394165976,11.071321634768276,2364.3924953330907,2428.648,2492.9035046669096,5.291462959383943,0.8631751103811293,2427.558006116248,2408.0874651084728,2383.5468,2237.6533500000005,73.516215064199,60.67748192061661,12.838733143582395,15.81354164029383,16.33028582269225,28.667698814513592,21.59659198061206,0.009594911313378019,0.9993500018167653,1.051877411568731,0,8
2024-08-13,2476.15,2476.72,2458.4,2463.87,-0.004625664560541809,0,60.578760995497156,15.537117102857337,3.572636374471248,11.96448072838609,2397.7153495191014,2444.478,2491.2406504808987,3.8259825190407626,0.7073449622783996,2434.1601868223847,2411.686338327281,2386.2522,2239.7090000000007,82.09280118583287,71.83905586985078,10.253745315982087,15.712797121762781,15.830311229362046,27.728117044669858,20.746290711175142,0.009665519616136762,0.994727343929784,1.047011779504003,1,8
2024-08-14,2464.07,2478.2,2435.61,2449.26,-0.005929695966101933,1,57.00714526435296,15.839632664035435,3.1001215485194766,12.739511115515958,2408.217569210625,2449.398,2490.5784307893755,3.3624940323602246,0.49832444686281036,2436.905607400133,2414.110445531973,2388.8222,2241.6817500000006,87.14247328447732,80.91716317816973,6.225310106307589,14.817329903903856,15.315435772098843,25.24014078901931,23.686117538226046,0.009640124032799548,0.9883221693164395,1.040803317978617,2,8
2024-08-15,2449.64,2469.7,2432.93,2457.43,0.003335701395523305,1,58.481305046139184,16.547875537733034,3.046691537773661,13.501183999959373,2419.1286895669846,2454.742,2490.355310433016,2.9015929521730275,0.537738698920667,2440.637315145563,2416.905255497652,2391.4060000000004,2243.6940500000005,81.52030993963365,83.58519480331461,-2.064884863680959,13.895359057739439,14.80407808975111,23.29661896241865,22.42348474200025,0.009604684546088193,0.991618916955855,1.0442751270588635,3,8
2024-08-16,2457.33,2509.5,2450.4,2506.76,0.02007381695511179,0,66.05058135874428,20.849343595043592,5.878527676067375,14.970815918976218,2425.7626620698807,2470.5280000000002,2515.29333793012,3.623949044910204,0.9046881099899158,2452.6596214827337,2422.702335788126,2394.9564,2245.8976000000007,84.76879605004746,84.47719309138614,0.2916029586613149,14.189024091723686,14.503176997813771,28.4768921294605,19.786298827508006,0.01041159696441765,0.9989081490336721,1.0652377148102192,4,8
2024-08-18,2506.76,2508.9,2501.5,2506.07,-0.00027525570856401504,0,65.86968953373938,23.926797559089664,7.164785312090757,16.762012246998907,2421.405099949455,2476.6780000000003,2531.950900050546,4.463470830729352,0.7658807478268884,2462.370599394964,2428.0808947695373,2397.8646000000003,2248.031650000001,92.47916135837006,86.25608911601705,6.2230722423530125,14.461713051851916,14.178536054795678,28.03233675402779,19.477413101365624,0.009675569126898436,0.9986331938633195,1.0636337399305644,6,8
2024-08-19,2505.98,2507.24,2485.8,2503.64,-0.0009696457002399406,1,65.19254388806354,25.87139200318188,7.287503804946379,18.583888198235503,2427.1718618171058,2484.632,2542.0921381828944,4.625243350556082,0.66540162102898,2469.8741267776973,2432.9556757521477,2401.5566,2250.215350000001,97.23047171766011,91.49280970869253,5.737662008967575,14.126294275918235,14.157659183820961,26.730323985822533,21.973938660256348,0.009585496413396732,0.997664873480773,1.0587513902338976,0,8
2024-08-20,2503.96,2531.51,2497.44,2513.16,0.003802463612979423,0,66.63946495248578,27.8595341801406,7.420516785524079,20.43901739461652,2452.160548310614,2497.4120000000003,2542.6634516893864,3.6238675628519568,0.6740054673615402,2477.7442855453883,2438.1301482842673,2405.44,2252.4678500000005,94.1942039986354,94.63461235822186,-0.4404083595864563,14.486104226763965,14.47390863930794,30.007377612034944,20.355936611571558,0.009582762732769604,0.9927513618354261,1.0627772538704534,1,8
2024-08-21,2512.75,2519.76,2495.05,2512.43,-0.0002904709608619882,0,66.41149039740489,29.041474242656022,6.881965478431599,22.159508764224423,2500.0649118851866,2508.4120000000003,2516.759088114814,0.6655276816419062,0.7406827353882114,2484.0507790825905,2442.9236871046373,2409.0754,2254.7039500000005,90.80294356784803,94.07587309471451,-3.272929526866477,14.727228549993946,14.42676141295609,28.375455964345523,19.774911992402316,0.009380821407157375,0.9924629963934567,1.0624685479403393,2,8
2024-08-22,2512.83,2514.25,2471.13,2487.04,-0.01010575419016646,1,58.8682103326279,27.611125582317527,4.361293454474481,23.249832127843046,2483.3509102384683,2504.4680000000003,2525.5850897615323,1.6863533302507392,0.08734844155116338,2484.5942737948467,2445.769900839822,2412.4196,2256.8214500000004,82.40752388885613,89.13489048511319,-6.727366596257056,14.064286212568016,14.27519521966599,25.744319536820132,23.085054341765762,0.009532536592373525,0.9824334093090684,1.0517315019600713,3,8
2024-08-23,2486.85,2518.1,2486.39,2512.01,0.010040047606793667,1,63.284948663493566,28.1677341751315,3.9343216378307595,24.23341253730074,2483.448115814501,2505.6560000000004,2527.8638841855,1.7726203585408011,0.6430573022383781,2489.5789512866927,2450.04345562435,2416.6966,2259.083800000001,81.68862532349797,84.96636426006737,-3.277738936569392,13.569806705657092,14.14851762782552,24.8137198180323,21.505778946858552,0.00922341148815281,0.9922970875090361,1.062290936309315,4,8
2024-08-25,2512.01,2516.29,2510.4,2515.72,0.0014769049486267338,0,63.90511723025528,28.578778124770906,3.4762924699761335,25.102485654794773,2484.3818189116996,2508.072,2531.7621810883006,1.8891149128334837,0.6614170860807957,2494.3318692345665,2454.2806520356826,2420.4618,2261.4476500000005,81.2751450011904,81.79043140451483,-0.5152864033244384,13.11064716352552,13.587466688046767,24.4787391468451,21.21545487135307,0.009217794516619164,0.993762615988086,1.0638598390500313,6,8
2024-08-26,2515.46,2526.54,2508.6,2515.58,-5.565007234509256e-05,1,63.861280107689,28.563968932895932,2.7691866224809267,25.794782310415005,2484.255059277541,2508.556,2532.856940722459,1.9374445475770936,0.6445211541442155,2498.1951657373725,2458.235448678542,2424.2504,2263.8035000000004,86.09019824366311,83.01798952278382,3.0722087208792885,13.032260822294006,13.30103376397555,25.863476082421396,20.31584424618059,0.00919831896118523,0.9937073130266124,1.0638006351730234,0,8
2024-08-27,2515.45,2528.82,2504.01,2525.07,0.0037724898432967002,0,65.58466115974178,28.983888011250656,2.5512845606685204,26.432603450582135,2482.513278623101,2511.084,2539.6547213768986,2.275568748548336,0.7447610582788593,2503.081499239668,2462.5473552154103,2428.2586,2266.2018,88.48334226226883,85.28289516904077,3.200447093228064,12.762040499571704,12.936343831548612,24.327153105488875,20.208016730034537,0.009197934203330552,0.997456063772215,1.067813812264506,1,8
2024-08-28,2525.36,2525.59,2494.04,2507.84,-0.006823573207871525,1,59.99097356923505,27.608110787611622,0.9404058696235893,26.667704917988033,2502.509490979381,2515.244,2527.978509020619,1.0125863749695094,0.20929385703006567,2503.946681196092,2465.4694613305455,2431.7736000000004,2268.5191,85.07408053626244,86.54920701406479,-1.4751264778023483,12.085264458510984,12.558762640402495,22.49703858225628,21.065075263614975,0.0086027912819129,0.99064984929943,1.0539844245794092,2,8
2024-08-29,2507.95,2528.48,2503.94,2519.37,0.004597581982901611,0,62.307712699521915,27.13537238404706,0.3741339728472184,26.76123841119984,2504.1502162999604,2516.716,2529.2817837000393,0.9985857522294488,0.6056042370040026,2506.7509209786203,2468.9469154382523,2435.5594,2270.9624000000003,85.89857019309034,86.4853309972072,-0.5867608041168637,11.572542257881672,12.167291378726688,21.86153770651722,19.816340199723367,0.008232501518799515,0.9952044431979331,1.0588302043801143,3,8
2024-08-30,2519.17,2526.7,2494.79,2502.98,-0.006505594652631341,1,57.23419629567692,25.148293892546917,-1.2903556149223405,26.438649507469258,2496.4727158825785,2514.168,2531.8632841174217,1.4076453218258747,0.18387057461865916,2506.065298982507,2471.142598313204,2438.4390000000003,2273.3222499999997,78.24440386826254,83.07235153253843,-4.8279476642758965,10.800266026930107,11.442765242720546,20.18585648805444,20.495307945601347,0.00847784022659393,0.9887300464939897,1.0502116803940738,4,8
2024-09-01,2502.98,2505.05,2500.9,2503.08,3.995237676690522e-05,0,57.25706477742497,23.31285297877821,-2.5006372229528395,25.81349020173105,2491.5975470904027,2511.668,2531.7384529095975,1.598177220046392,0.2860536571176844,2505.5225173493236,2473.2030758413844,2441.3736,2275.7041000000004,74.56433402980501,79.56910269705261,-5.004768667247603,10.083152383903654,10.827847320892662,19.97145569238334,20.277620361541608,0.0077908153098273725,0.9887695486093279,1.0356358220070752,6,9
2024-09-02,2502.66,2507.0,2490.24,2496.59,-0.0025928056634225705,0,55.19423316447752,21.091435134899257,-3.777644053465437,24.869079188364694,2488.9916148454586,2505.972,2522.952385154542,1.355193526068259,0.22374007083429678,2503.89842328581,2474.7119096580695,2443.4826,2278.0124500000006,59.391384495092765,70.73337413105344,-11.341989635960672,9.899512573991647,10.349889300460877,19.089621120222347,22.19067768141619,0.007843674065758584,0.9862058613238739,1.030035605394857,0,9
2024-09-03,2497.18,2505.97,2474.1,2493.41,-0.0012737373777834682,1,54.16451898070601,18.856974600409103,-4.809683670364475,23.666658270773578,2483.0609426967935,2503.086,2523.111057303206,1.6000295078320337,0.258402688853962,2501.991437233845,2475.9182380672264,2445.6353999999997,2280.234550000001,48.00491692724228,60.65354515071335,-12.648628223471071,10.388647437692773,10.235899910798214,17.506649364096834,24.550053979955262,0.00784522133039255,0.9849496940561165,1.0287236105438178,1,9
2024-09-04,2493.04,2499.84,2471.95,2495.64,0.0008943575264397374,1,54.801330727795246,17.06932632295411,-5.277865558255574,22.347191881209685,2489.4712571354858,2498.34,2507.2087428645145,0.7099708498054218,0.34778000437900214,2500.836630464055,2477.190609804825,2448.3152,2282.4753000000005,39.88627580876638,49.094192410367135,-9.207916601600758,10.92682383751057,10.41316820575111,16.23768045395094,23.32932030776961,0.006573590332716002,0.9858305912281601,1.0257755052549806,2,9
2024-09-05,2495.76,2522.77,2492.9,2517.16,0.00862303857928226,0,60.50407216083885,17.190920107592774,-4.125017418893531,21.315937526486305,2481.9119682310074,2501.176,2520.4400317689924,1.5403979383292086,0.9148664254626043,2503.8045158342265,2479.7692801399976,2451.3582,2284.7901,52.42702402512892,46.77273892037919,5.654285104749732,10.25099987967726,10.319823658685017,20.907583368759944,21.52940768783756,0.006703646652618672,0.9943314464489572,1.034620807010477,3,9
2024-09-06,2517.18,2529.01,2485.1,2496.75,-0.008108344324556205,0,53.59714170872322,15.462129823676605,-4.683046162247763,20.145175985924368,2480.4407062275795,2499.91,2519.37929377242,1.557599575378339,0.41884656842365214,2502.5218765916397,2480.8648104535464,2453.8408,2287.1328,54.88181030192209,49.06503671193913,5.816773589982958,9.96578690562716,10.446305371568865,18.631864777180525,21.11951326702096,0.006840060851429652,0.986269064708415,1.0262317452618859,4,9
2024-09-08,2496.75,2498.06,2494.7,2496.68,-2.8036447381696306e-05,1,53.57455261801325,13.925873848258107,-4.975441710133012,18.90131555839112,2480.473892978684,2499.928,2519.3821070213157,1.5563733852587636,0.41652148319012494,2501.4597172113413,2481.885145262995,2455.456,2289.5677,55.797620947906466,54.368818424985825,1.4288025229206411,9.700946286866355,9.975973083271807,18.46622926039953,20.931762790298386,0.006820487576512369,0.9862414132276782,1.01888671237349,6,9
2024-09-09,2496.45,2507.51,2485.81,2506.69,0.004009324382780344,1,56.40413987512145,13.362073595742004,-4.43139357011929,17.793467165861294,2483.971345165273,2502.5840000000003,2521.1966548347277,1.4874749326877688,0.6103012986717726,2502.41067771837,2483.485458471834,2457.3711999999996,2291.9826,49.4958729088298,53.39176805288612,-3.8958951440563183,9.046557816865247,9.506172361246204,19.9267644041351,19.712905330944118,0.005182191416866222,0.9901955749730398,1.0143901777729216,0,9
2024-09-10,2506.77,2518.66,2499.91,2518.56,0.00473532826157208,0,59.55233588479958,13.714969995101455,-3.2627977366078724,16.977767731709328,2485.9930364818138,2507.168,2528.3429635181865,1.6891539392802044,0.7689969215346151,2505.3469181332116,2485.748332118813,2459.5704,2294.4280499999995,61.96985629162264,55.75445004945297,6.215406242169671,8.97298214724431,9.336964217055332,21.959085807169206,18.699676740897022,0.005287649131158939,0.9948844760636931,1.0191936482499908,1,9
2024-09-11,2518.57,2528.03,2501.67,2511.9,-0.002644368210405923,1,57.06247374072829,13.303877772433225,-2.9391119674208817,16.242989739854107,2487.000631314135,2506.116,2525.231368685865,1.5254975177418106,0.65129187657984,2506.538387563537,2487.4355364982443,2461.361,2296.8502999999996,70.86108190209124,60.77560370084789,10.085478201243355,9.323187929877388,9.184872873371319,22.94008723142836,17.34955204086609,0.005321331788173214,0.9922536351821639,1.016498524966311,2,9
2024-09-12,2511.62,2559.9,2510.94,2557.96,0.018336717226004273,1,67.25811538993028,16.504487822793635,0.20919846635162287,16.295289356442012,2471.282073243366,2518.358,2565.4339267566343,3.73862070099915,0.9206183789511804,2515.8877716428938,2491.9855018854546,2463.1548,2299.5365999999995,83.16472206662884,71.99855342011423,11.166168646514606,10.812199059611643,9.892590603427976,28.25961792789321,15.160156827985176,0.006665110779197271,0.9992421578967928,1.0351377709792686,3,9
2024-09-13,2558.63,2585.68,2556.84,2577.38,0.007591987364931496,1,70.44468301591529,20.373176747460093,3.2623099128144624,17.11086683464563,2471.829780941252,2534.498,2597.166219058748,4.945217479654593,0.842135141576311,2527.068176798731,2497.494824344458,2465.4773999999998,2302.2764999999995,86.83674504034363,80.28751633635456,6.549228703989073,12.900582603139041,11.111885266508214,32.79052166054419,14.036501046029121,0.006821916567579281,0.9967900126852511,1.0429965238575065,4,9
2024-09-15,2577.38,2580.35,2576.9,2578.96,0.0006130256306791093,1,70.69457939859784,23.298067765389987,4.949760744595487,18.3483070207945,2485.0278286718203,2548.952,2612.87617132818,5.01572185966467,0.7347155964364553,2536.5030537444163,2502.7506421286866,2468.1584,2305.0892499999995,94.86249452868887,88.28798721188711,6.574507316801757,14.83979589355734,12.825997476584492,32.48038062742914,13.903740275072126,0.006278157799622715,0.9974010705114322,1.043289710552398,6,9
2024-09-16,2578.99,2589.24,2576.09,2583.58,0.0017914197971273804,0,71.45460799220263,25.692691010031467,5.875507191389573,19.817183818641894,2502.6584088179475,2561.956,2621.253591182053,4.62908739900706,0.6823345566737341,2545.0624985181585,2507.965439410707,2471.8182,2307.9041999999995,93.98921216674887,91.89615057859379,2.0930615881550807,16.869827898805255,14.885205250972149,33.79308344259419,13.384113114982236,0.005974357594616248,0.9978140303718466,1.045158680394021,0,9
2024-09-17,2583.61,2586.13,2561.1,2573.83,-0.00377383320818403,0,67.47731928700836,26.498248355434498,5.344851629434082,21.153396726000416,2554.732612452366,2574.342,2593.951387547634,1.5234485198651937,0.4869450282739211,2550.2929533330384,2512.214765900339,2475.0674000000004,2310.681699999999,92.0424159971254,93.63137423085438,-1.5889582337289738,17.84791297907724,16.34385443631729,31.388445042178073,16.69323272102027,0.006086163948202216,0.9940484466484374,1.0412144258581282,1,9
2024-09-18,2574.07,2599.8,2547.63,2559.15,-0.0057035623953407555,1,61.891415929945204,25.656354556471342,3.602366264376741,22.0539882920946,2555.960875423552,2574.58,2593.199124576448,1.44638151282524,0.08564109884312786,2551.903325454304,2515.242845519672,2478.3394,2313.3687499999996,83.41363561548403,89.81508792645276,-6.401452310968736,19.153281299139223,18.01155459897224,30.674252386159793,14.394158879993544,0.0062736783959520875,0.9843641818601431,1.0352757944133175,2,9
2024-09-19,2559.0,2594.4,2551.46,2587.15,0.010941132797999353,1,67.42968677858694,26.93798927743819,3.9072007882748707,23.03078848916332,2554.6765957626894,2576.534,2598.391404237311,1.6966517218333368,0.7428467691025824,2558.3118117353397,2519.8820167764675,2481.9156,2316.1486999999997,81.7240483909207,85.72670000117671,-4.0026516102560095,20.365409024911063,19.10666100199415,27.33699890858736,12.828123751435275,0.006641762045095925,0.9951342410954689,1.046602884362548,3,9
2024-09-20,2587.22,2625.55,2584.92,2621.74,0.013369924434222913,1,72.7066639440398,30.39444965110215,5.8909289295510625,24.503520721551087,2538.7281902856157,2585.09,2631.4518097143846,3.5868623308576826,0.8952606706444899,2569.844209601641,2526.4534995650824,2486.3777999999998,2319.0754000000006,85.19927033054209,83.44565144564893,1.7536188848931573,22.287845698246258,20.72056349869274,32.260111630141864,11.547895203588304,0.006882600379375373,0.9985488754737101,1.060595885839115,4,9
2024-09-22,2621.89,2621.89,2621.89,2621.89,5.7213911371922777e-05,1,72.7272995298822,32.76809296777765,6.611657796981245,26.156435170796403,2536.1141497583785,2592.7520000000004,2649.3898502416223,4.368936962858143,0.757230808334835,2579.3070805831603,2532.610693141529,2491.5336,2321.9856000000004,94.92899125522499,87.28410332556258,7.644887929662403,24.072965466343224,22.219187245627143,32.24731643052298,11.543315007896425,0.0068758185108906515,0.998606006360572,1.0606565666781287,6,9
2024-09-23,2619.36,2634.56,2613.74,2626.17,0.0016324102079035008,1,73.34652834599392,34.595783965540704,6.751479035795441,27.844304929745263,2544.750592614668,2603.22,2661.6894073853314,4.49208344936898,0.6962564786124189,2587.827611386222,2538.6467774549787,2496.3250000000003,2324.84315,96.34701504667356,92.15842554414688,4.188589502526682,26.017217409095732,24.152531553670997,33.848436233979285,10.897255555177162,0.006579216430241476,0.9968154075063769,1.0623879932846538,0,9
2024-09-24,2625.84,2664.03,2622.63,2658.03,0.012131735569289148,0,77.4508379111897,38.17502011517763,8.264572148345891,29.91044796683174,2572.744712255397,2622.996,2673.247287744603,3.8315946913074135,0.8485880817428687,2600.5916820432726,2546.34892084498,2501.5566000000003,2327.9354000000003,96.12904292338766,95.8016830750954,0.32735984829226084,28.3797189903431,26.226342228343164,37.84423192077935,9.730976057488013,0.006896390795024638,0.9977477731106632,1.0752766034911712,1,9
2024-09-25,2657.7,2669.7,2650.55,2656.76,-0.0004777974665447493,1,76.94221764881931,40.442911456172624,8.425970791472707,32.016940664699916,2599.352677161108,2636.918,2674.483322838892,2.849183997294714,0.7640999531016593,2610.80410348995,2553.4722162743365,2507.0706000000005,2331.022650000001,94.45728641430885,95.64444812812336,-1.187161713814504,30.667307438754143,28.342262423924936,37.42737141996284,9.238440819675944,0.006821438076591689,0.995153013447204,1.0747628390541881,2,9
2024-09-26,2656.78,2685.13,2655.31,2672.57,0.005950857435372381,0,78.80796578243803,43.02005810275159,8.802493950441338,34.21756415231025,2603.094124801386,2647.0840000000003,2691.0738751986146,3.3236478478668827,0.7896802944419662,2622.0342664917775,2561.1559442566377,2512.3296000000005,2334.260550000001,94.05533879126092,94.8805560429858,-0.8252172517248795,33.03477441682012,30.70724670358161,38.547472947603886,8.515635238031948,0.00676670534121381,0.995322386625601,1.0811585994862356,3,9
2024-09-27,2672.43,2673.82,2643.37,2657.97,-0.005462906490756203,1,72.93850747766334,43.38426065374324,7.3333572011463914,36.05090345259685,2620.2629143434806,2654.3,2688.33708565652,2.5646751050385856,0.553911783709024,2628.568036220545,2567.402012369113,2516.5722,2337.3746500000007,89.98015747422839,92.83092755993272,-2.850770085704326,34.45047503860771,32.55889123868093,35.493689068092976,10.947429468470053,0.007039231296174358,0.989885033499309,1.0695625930546053,4,9
2024-09-29,2657.97,2664.87,2657.95,2663.48,0.0020730106058384212,0,73.73358972098308,43.61474116345198,6.051070168684106,37.563670994767875,2648.6055764742514,2661.762,2674.918423525749,0.9885499549357739,0.5652913003536829,2634.9156659986274,2573.600592216267,2520.9246000000003,2340.5093500000003,87.27206566027628,90.4358539752552,-3.163788314978916,35.76505418741048,34.3999143021153,34.81860595284986,10.739211473003285,0.006924056959084974,0.9919370756723138,1.0717798076536156,6,9
2024-09-30,2663.66,2665.69,2625.25,2635.54,-0.010490035592533142,1,63.539193821997685,41.06945106520698,2.8046240563512796,38.2648270088557,2629.958379333385,2657.2640000000006,2684.569620666616,2.055168072620228,0.1022064419403435,2635.029181271604,2577.5966830410243,2524.7938,2343.5165500000003,77.5323071463239,84.92817676027619,-7.395869613952286,35.072563402017714,34.761519220312714,31.096357472185634,18.235461812710362,0.007139603188706229,0.981531620442958,1.0602338875457094,0,9
2024-10-01,2635.47,2672.58,2633.98,2660.32,0.009402247736706837,0,67.7923794870626,40.584002115696876,1.855340085472939,38.72866203022394,2630.5506956263184,2657.976,2685.401304373682,2.0636231759565686,0.5427342568028057,2639.627511949494,2582.933671231926,2529.185,2346.69625,76.71515151515148,80.50650810725055,-3.7913565920990777,34.631474030457156,35.19826410893381,29.784821577067774,16.429984718991687,0.007258098398436976,0.9907602238997739,1.0702024692152659,1,10
2024-10-02,2660.27,2662.17,2641.89,2660.06,-9.773260359668967e-05,0,67.70314070804545,39.72042812829477,0.7934128784566639,38.92701524983811,2632.8420420646116,2655.474,2678.1059579353887,1.7045512729846743,0.6013169080000116,2643.3425097768586,2587.9095634105115,2534.2904000000003,2349.86965,75.88606060606054,76.71117308917863,-0.8251124831180903,34.22189104257949,34.6472272222986,28.204798096136816,15.558407846181717,0.007292140410850394,0.9906633943235522,1.0640623062430248,2,10
2024-10-03,2660.47,2662.48,2640.11,2655.55,-0.0016954504785605673,0,66.07826827048912,38.23141229054909,-0.5564823674312152,38.7878946579803,2632.522022788217,2654.9900000000002,2677.4579772117836,1.6925093662713127,0.512462181057097,2645.5620534537934,2592.2734625453177,2539.7203999999997,2353.0536,80.7369696969697,77.7793939393939,2.957575757575796,33.737268797252156,34.184371413854656,26.53280521566704,15.107798095365558,0.007353066433180102,0.988983773597554,1.0615109107116447,3,10
2024-10-04,2655.62,2669.31,2632.11,2653.05,-0.000941424563649762,0,65.1449296736448,36.4296886308839,-1.8865648216771262,38.31625345256103,2632.538919101822,2652.904,2673.269080898178,1.5353047753087103,0.5035845671502648,2646.9234982803764,2596.194529477878,2545.087,2356.36245,78.75171464778707,78.4582483169391,0.2934663308479628,32.814122572496984,33.51800680753824,23.98634368370921,15.721799772747088,0.0072978516959736825,0.9880527199800382,1.0565963344404885,4,10
2024-10-06,2653.05,2653.05,2649.0,2650.45,-0.0009800041461714981,0,64.13040508146513,34.39552122082296,-3.1365857853904586,37.532107006213415,2647.2379643855284,2655.8860000000004,2664.5340356144725,0.6512354532138852,0.18570897239925077,2647.564680411217,2599.6948824147894,2549.6028,2359.64595,73.29351553259558,77.59406662578411,-4.300551093188531,31.95691536379575,32.84709208052395,23.719439646633486,15.546858069052064,0.006344103807451128,0.9870844242178217,1.0403590788301282,6,10
2024-10-07,2650.66,2659.39,2638.26,2642.84,-0.002871210549151959,0,61.129654541476675,31.802763036635042,-4.583475175662699,36.38623821229774,2639.575313113878,2652.3900000000003,2665.2046868861225,0.9662747096861484,0.1273806732514689,2646.7056476091775,2602.4784383880287,2553.8454,2362.8438499999997,60.718428452238946,70.92121954420719,-10.202791091968244,30.514845379441006,31.664483975968995,22.323754411929094,17.622862290828802,0.0062720501685838434,0.984250297006104,1.0373719888680852,0,10
2024-10-08,2642.88,2652.61,2605.72,2621.96,-0.00790059178762248,0,53.704475800598935,27.743334111284184,-6.914323280810848,34.65765739209503,2617.547762766632,2644.77,2671.992237233368,2.058571235560605,0.0810410473530035,2642.2064389529633,2603.7353133307365,2557.728,2365.8886,42.2018372336819,58.7379270728388,-16.5360898391569,29.062023323482613,30.509469343639182,19.57158881840105,24.005727425757826,0.006599587183616403,0.9764741371926127,1.0291761362521246,1,10
2024-10-09,2621.65,2624.13,2604.96,2608.16,-0.005263238188225716,1,49.430942089752094,23.14585180098038,-9.209444472891725,32.355296273872106,2596.356521577483,2635.292,2674.227478422517,2.954927076203852,0.15157741603209382,2636.0161773251516,2604.0207769868184,2560.3848,2368.8944,21.734784781181958,41.55168348903426,-19.816898707852303,27.744502031390255,29.12967370541563,18.563951345443023,22.973912184577994,0.00673366251842394,0.9713347212239257,1.0237593371093918,2,10
2024-10-10,2608.38,2635.25,2605.88,2632.37,0.009282405987362852,1,56.039936039897476,21.211347406286677,-8.915159094068343,30.12650650035502,2597.635401556797,2631.1560000000004,2664.6765984432036,2.547974992224193,0.518108268592765,2635.3532359933056,2605.8497591167015,2563.7547999999997,2371.9757000000004,19.544063144456242,27.8268950531067,-8.282831908650458,25.95327593428741,27.507649628885012,20.074882090637004,21.175159579293904,0.0069281019359805785,0.980351044455948,1.0332622869097945,3,10
2024-10-11,2633.77,2661.29,2631.7,2656.85,0.009299604538875572,0,61.51670089699686,21.406805816070573,-6.975760547427559,28.382566363498132,2594.974530194473,2632.436,2669.897469805527,2.846144772790452,0.8258548066418598,2639.261738539977,2609.140097238205,2567.9066,2375.139600000001,34.30210802045631,25.1936519820315,9.108456038424809,25.034077296383124,26.38928966388669,25.393517713654408,19.51717974816805,0.006959385389487134,0.989467921478662,1.041305762191059,4,10
2024-10-13,2656.08,2656.08,2656.08,2656.08,-0.0002898168884204466,0,61.25818106105253,21.2545660423566,-5.702400256913226,26.956966299269826,2592.4331181803905,2635.084,2677.734881819609,3.237155386288207,0.7461379355390828,2642.319604259981,2612.168478061547,2571.8796,2378.2916000000005,57.7174631799765,37.18787811496301,20.529585065013485,24.18053570404343,25.06690581916542,25.337920380303196,19.47444824634265,0.006636936537171302,0.9891811569644672,1.0275288983798339,6,10
2024-10-14,2645.21,2666.34,2643.32,2649.3,-0.002552633956808381,1,58.910613848138844,20.35221788867875,-5.283798728472863,25.636016617151615,2599.3275184387967,2640.552,2681.7764815612036,3.12241391657528,0.6061020013922119,2643.5887671218024,2614.5640601220925,2574.7304,2381.4141500000005,68.17828628225966,53.39928582756416,14.779000454695506,22.740153063182444,23.887115179782782,23.669449865339356,21.842080574515336,0.006046199329293893,0.9866561395537646,1.0170213746084393,0,10
2024-10-15,2649.03,2668.82,2638.34,2660.34,0.004167138489412192,1,61.49800023091637,20.29399961569834,-4.273613601162623,24.567613216860963,2628.6893300847464,2650.9880000000003,2673.286669915254,1.682291275196558,0.7096986061397866,2646.6344458269296,2617.5173465658286,2577.8158,2384.5389000000005,73.90291529358474,66.59955491860697,7.303360374977771,21.16038158138444,22.670458642713932,21.63777376598789,21.369685770052627,0.006098531950764501,0.9907676723287141,1.0212594435231253,1,10
2024-10-16,2659.97,2685.07,2658.78,2673.9,0.005097092852793139,1,64.45835939886942,21.09882575948086,-2.7750299659040856,23.873855725384946,2641.1112521331625,2659.2940000000003,2677.476747866838,1.3674868492793855,0.9016444628437745,2651.591819312942,2621.1549371099686,2581.2210000000005,2387.7378500000004,77.84261148463028,73.30793768682489,4.534673797805397,20.423222393791274,21.58168772848686,24.604265872220818,19.791677684789825,0.006173785927651597,0.9958177071501193,1.0264648977335544,2,10
2024-10-17,2674.12,2696.52,2673.39,2693.55,0.007348816335689401,1,68.2661372701659,23.056466461766377,-0.6539114108948567,23.710377872661233,2631.5806874605464,2666.634,2701.6873125394536,2.6290306460844346,0.8839294784152762,2659.2205794378615,2625.825586328681,2584.8288000000002,2391.0503000000003,88.23724799898869,79.99425825906789,8.242989739920802,20.199594007155508,20.679987794269973,26.232381350103164,18.497500148002075,0.005797780439093752,0.998898580392506,1.0340081997420307,3,10
2024-10-18,2693.49,2722.41,2692.9,2720.53,0.010016520948191054,1,72.60580735398183,26.479729502454575,2.2154813038346717,24.264248198619903,2623.031822488526,2679.5240000000003,2736.016177511475,4.216583058145733,0.8629352045393445,2670.3677468127953,2631.935548501024,2588.9908000000005,2394.50255,93.73740545364508,86.60575497908802,7.131650474557063,20.877020819976686,20.650121606883978,31.302340040945374,16.972611348798306,0.006151577658532602,0.9993094353899671,1.0443653645353481,4,10
2024-10-20,2720.69,2724.86,2720.4,2723.41,0.001058617254726002,0,73.02979504450718,29.089753485870915,3.8604042298008068,25.22934925607011,2638.6198973192354,2694.346,2750.0721026807646,4.1365216405587555,0.7607754589128309,2680.011792846832,2637.837126017087,2593.7182,2397.9465999999998,97.98206772248048,93.31890705837141,4.663160664109071,21.58159233487495,20.89059317101523,31.615205778288512,16.747894475561584,0.006049333214893263,0.999467862569086,1.0454709477304833,6,10
2024-10-21,2723.6,2740.46,2713.4,2721.26,-0.000789451459750734,1,72.13225280917281,30.631626937426972,4.321822145085491,26.30980479234148,2662.5856647565756,2706.53,2750.474335243425,3.2472823315037758,0.6675983937224773,2687.511466874681,2643.2192469192105,2597.9031999999997,2401.3322499999995,94.34007868135807,95.35318395249453,-1.0131052711364674,22.698295188339447,21.787658004158068,33.68811193181925,15.414399893886213,0.005875949270212887,0.9929938769403678,1.0446455991646706,0,10
2024-10-22,2721.44,2748.69,2720.56,2746.56,0.009297163813821507,0,75.88768904718117,33.508802696481325,5.759198323311871,27.749604373169454,2683.473524638717,2721.062,2758.6504753612826,2.7627797794598354,0.8391731076470288,2698.247563806557,2649.8863922792616,2602.52,2404.6517999999996,94.37965729028473,95.5672678980411,-1.187610607756369,23.961403450097382,22.771497892486167,33.32546346611718,14.15285764063289,0.006148566087521896,0.9992250854043199,1.054357840427492,1,10
2024-10-23,2746.74,2758.2,2708.6,2721.31,-0.009193318187114108,1,66.28680621031084,33.36688851686358,4.493827314955304,28.87306120190828,2704.2103993968494,2726.6140000000005,2749.0176006031515,1.6433276292978074,0.3816261704099801,2702.4407340235466,2654.4943669709223,2606.6346,2407.841949999999,86.75832133113734,91.8260191009267,-5.067697769789362,24.400761731216825,23.549528459778138,28.8430403902905,15.492528076504245,0.006020369276954905,0.986625335363643,1.0446647933173638,2,10
2024-10-24,2720.11,2743.21,2717.97,2733.69,0.004549279574910692,1,68.3978644704836,33.86303109959135,3.9919759181464585,29.871055181444895,2707.3293643096076,2729.246,2751.1626356903926,1.6060579141925988,0.6013841737112066,2708.1224187465377,2659.603762650218,2610.8070000000002,2410.9377999999992,86.15006242944104,89.09601368362102,-2.945951254179988,24.808737277970597,24.38507036403399,26.862959798902803,14.428962871840808,0.005783321106355033,0.9911137698499022,1.0494172655242306,3,10
2024-10-25,2732.6,2747.13,2717.14,2747.13,0.004916431636359686,0,70.55360165157715,34.93798006213274,4.053539904550274,30.884440157582464,2708.4245975978242,2733.99,2759.5554024021753,1.8701898984396836,0.7569879361429912,2715.214706247167,2665.2506166727844,2615.5928,2414.0325999999995,84.22151268821297,85.70996548293044,-1.4884527947174746,25.322629123542125,24.861695427379473,25.749249795314746,13.263812442858994,0.005824557897268178,0.9959865129432239,1.054576653768196,4,10
2024-10-27,2747.13,2748.21,2730.3,2735.85,-0.004106103460702726,1,66.45619234295103,34.48219386398523,2.8782029651222096,31.60399089886302,2715.6377653989193,2736.9080000000004,2758.1782346010814,1.5543258743867916,0.4751295643926119,2718.966577838591,2669.805415597121,2619.9224,2416.97465,86.35663428998535,85.57606980254644,0.7805644874389088,25.838491768365365,25.323614523167983,24.775719845941595,12.60897934785878,0.005921091184368313,0.9918968892756146,1.0502464529205822,6,10
2024-10-28,2735.22,2745.48,2724.51,2744.29,0.0030849644534605147,1,67.955733949362,34.40541329433745,2.241137916379543,32.16427537795791,2716.1383626734223,2736.454,2756.769637326578,1.4848148243367416,0.6928563666016119,2723.5708364133925,2674.610872655371,2624.7486000000004,2419.8859000000007,87.81973839956973,86.13262845925601,1.687109940313718,25.901358481650043,25.611993802596082,23.323779720824792,13.488140518965178,0.0059018711073092695,0.994956855920528,1.0534864258952152,0,10
2024-10-29,2743.95,2775.05,2743.19,2774.7,0.011081190398973817,1,72.69254484572092,36.3790420412588,3.3718133306407125,33.00722871061809,2714.328913560086,2747.1320000000005,2779.935086439915,2.388169657658554,0.9202043617221181,2732.867047974594,2681.0682357098635,2630.181,2422.865600000001,90.15693111715841,88.11110126890449,2.0458298482539163,26.978799862972355,26.408645815668862,29.40376075819336,12.307979627121972,0.006220311415203448,0.9998738761463756,1.0651603095632947,1,10
2024-10-30,2774.81,2789.77,2770.96,2785.14,0.003762568926370502,0,74.10761056648852,38.34357690518573,4.2690785556541115,34.074498349531616,2714.8715278523964,2757.4219999999996,2799.9724721476027,3.0862502836057133,0.8257073141732652,2742.371221070122,2687.7825430834205,2635.952,2425.8828000000008,95.02708640529985,91.00125197400932,4.025834431290534,28.377657166447577,27.13950782404881,31.978251762156457,11.659357919734207,0.006105200847452166,0.9983403649763242,1.0691680486456605,2,10
2024-10-31,2785.47,2789.92,2731.97,2746.27,-0.013956210459797336,0,61.35876849492325,36.34503781675039,1.81643157377502,34.52860624297537,2714.485100842116,2757.25,2800.014899157884,3.101996493454273,0.37162368886381686,2743.080089966463,2691.555927400619,2641.0092000000004,2428.6962000000008,87.80047546663866,90.99483099636564,-3.194355529726977,27.45365770614812,27.216228784560236,27.219116363730308,19.93736986542735,0.006769642089208493,0.9843543900900384,1.0542465143418709,3,10
2024-11-01,2746.81,2761.49,2733.2,2735.91,-0.003772389459157366,1,58.47153236109822,33.53860362704472,-0.792002092744525,34.33060571978925,2714.527102316912,2757.2619999999997,2799.9968976830874,3.0998068143751043,0.2501807520595758,2741.776437245288,2694.417480471547,2645.8146,2431.5911000000006,72.43628767336577,85.08794984843475,-12.651662175068978,26.595658207298627,27.4866576868731,25.243987269192935,18.49063372735672,0.006689238511677683,0.9806410219647874,1.049898690653445,4,11
2024-11-03,2746.7,2746.7,2730.91,2738.2,0.0008370158375092807,0,58.93154990321434,31.14030215502953,-2.552242851807776,33.69254500683731,2711.167046895048,2756.044,2800.920953104952,3.256620946904477,0.3011897113617654,2741.126175927963,2697.2421591508023,2650.2354,2434.4051,55.68592839321897,71.97423051107447,-16.288302117855494,25.681378508545798,26.56751810734696,24.18893941894068,18.323968188185756,0.006496705416706179,0.9814618340310832,1.0404681384656307,6,11
2024-11-04,2738.69,2745.91,2732.15,2736.34,-0.0006792783580452655,1,58.366026270537695,28.75803972362155,-3.947604226572608,32.70564395019416,2706.4215020293627,2748.3720000000003,2790.322497970638,3.052752536457042,0.35659288230116226,2740.2559621228784,2699.764600495912,2655.0272,2437.2789,44.81832453403456,57.6468468668731,-12.828522332838538,24.832404502561026,25.714031354929826,23.27599680249539,17.63238220454054,0.006285776045207635,0.9807951482479784,1.0371445681754436,0,11
2024-11-05,2733.51,2749.7,2724.93,2745.46,0.003332919154783287,0,60.3739633933531,27.291389217833057,-4.3314037858888845,31.62279300372194,2730.3594073226664,2740.436,2750.512592677334,0.7354006937095989,0.7492906164253733,2741.2021508278094,2702.712690786498,2660.0027999999998,2440.2272999999996,42.043552056903195,47.515934994718904,-5.472382937815709,23.641312814062303,24.66134566130405,21.68905997270533,18.417517938262275,0.006283867856576353,0.9840640591844927,1.040601287172995,1,11
2024-11-06,2745.08,2749.31,2652.51,2663.87,-0.029718152877841963,1,41.2206516748866,19.322687092581873,-9.840084728912057,29.16277182149393,2656.3401548157112,2723.956,2791.571845184289,4.964532847394664,0.05568106975344207,2727.1417597682075,2700.2067107357566,2663.1464,2442.76365,29.235493931910366,38.69912350761604,-9.46362957570567,24.0634045763992,24.447904539480113,16.853251546856235,30.991729235467403,0.009406080635770664,0.9548194930320582,1.0096765390359088,2,11
2024-11-07,2663.12,2709.54,2646.56,2706.83,0.016126913100113827,0,50.182334775802346,16.286208936415278,-10.301250308062926,26.587459244478204,2650.662781622343,2718.1400000000003,2785.6172183776575,4.964955328103571,0.41619393721373876,2723.448712537624,2700.6340197205463,2666.9118,2445.4885,31.878449296006846,34.3858317616068,-2.5073824655999566,24.60592896591806,24.123620889990182,14.576146503993343,28.080801260881017,0.010023648042876115,0.9702177840224809,1.022772958104105,3,11
2024-11-08,2706.99,2709.92,2680.47,2683.85,-0.008489635477662016,1,46.130742833579994,11.888441618205889,-11.759214101017854,23.647655719223742,2638.4529163652905,2707.2700000000004,2776.0870836347103,5.083872952066833,0.32983876413364915,2716.248946621692,2699.5511797385757,2670.3507999999997,2448.1224500000003,25.439894938808322,28.85127938890851,-3.4113844501001864,25.090386201758133,24.576895389078665,13.729762375524993,26.29189116851433,0.010184396837107458,0.961980988702185,1.014089988513391,4,11
2024-11-10,2683.81,2685.47,2681.2,2685.47,0.0006036104849376223,0,46.45892245996644,8.436647376096516,-12.16880667450178,20.605454050598297,2635.060407635719,2697.096,2759.131592364281,4.600176809745074,0.4062957283318032,2710.652774508657,2698.6427165296354,2672.9010000000003,2450.53035,31.731305803571352,29.683216679462173,2.048089124109179,25.54023934932391,25.073084157620986,13.594533145401146,26.032933139673556,0.010047195847038587,0.9625616505132762,1.0147021038631279,6,11
2024-11-11,2684.96,2685.59,2610.67,2623.69,-0.023005283991256564,0,37.16117681945624,0.7077869599015685,-15.918133672557385,16.625920632458953,2610.034803602867,2672.7419999999997,2735.4491963971323,4.692349384799021,0.10888061643397971,2694.841360961628,2693.8070573986915,2673.8272000000006,2452.74035,20.138833370691312,25.770011371023664,-5.631178000332351,27.46044445059087,26.275415326174503,11.461475210886361,36.71937644072308,0.010967990471786999,0.9404176463841257,1.0049872255014995,0,11
2024-11-12,2623.79,2626.7,2589.83,2598.8,-0.009486639046533685,0,34.19226011752012,-7.3411810238399084,-19.17368132503909,11.832500301199183,2567.6732419481245,2659.728,2751.7827580518756,6.922118205461274,0.16906653556318518,2677.379295332241,2687.6775698245824,2674.224,2454.9087000000004,12.962681012578411,21.610940062280356,-8.648259049701945,29.54555002591411,27.54289468761901,10.581546384167769,38.23974856445678,0.011078628648480637,0.9314962436198888,1.0034635478004348,1,11
2024-11-13,2598.51,2617.87,2569.19,2571.44,-0.010527935970447988,0,31.237882397451163,-15.746256441029345,-22.063005393782824,6.316748952753477,2530.747298367556,2632.65,2734.552701632444,7.74145455206305,0.19966448867675607,2658.1176052718333,2680.178371771384,2673.9812,2456.9253,4.255308628391406,12.452274337220377,-8.196965708828971,31.749836930032696,29.605140690311785,9.5401321010127,38.64912735761426,0.011222732476382648,0.9216895108103458,1.0008757623998226,2,11
2024-11-14,2570.9,2577.3,2537.56,2566.49,-0.0019249914444825489,0,30.720700735162126,-22.546856765710345,-23.090884574771056,0.5440278090607125,2512.300797934744,2609.178,2706.055202065256,7.42587911328824,0.27967984680623975,2641.458040676954,2672.843638108714,2673.8343999999997,2458.8927999999996,5.65536981922965,7.624453153399822,-1.969083334170172,34.15030725522713,31.847928640570622,8.78041579369619,41.909588931568564,0.01086256151055816,0.9199152663875666,1.0114007156481029,3,11
2024-11-15,2566.42,2575.51,2554.96,2561.27,-0.002033906229909288,1,30.153740355584485,-28.03442845295922,-22.862765009615945,-5.171663443343275,2531.661900296301,2584.3379999999997,2637.0140997036983,4.0765642654868355,0.28103921769306633,2626.8783969175074,2665.6453388758937,2673.8768,2460.801099999999,7.292811696543218,5.734496714721424,1.5583149818217938,36.379315414336254,34.06457617218447,8.407564285831624,40.1299404736518,0.010776736844155728,0.9180442449962722,1.0093436214316114,4,11
2024-11-17,2562.95,2575.27,2562.95,2571.2,0.003876982903012971,1,32.698291085025836,-31.2221905617389,-20.840421694716497,-10.3817688670224,2544.723705593008,2573.84,2602.956294406992,2.262478973595249,0.4546645606220007,2616.755052023415,2659.5520912064812,2673.5578,2462.7043499999995,11.960547292959891,8.302909602910919,3.657637690048972,38.449108704937586,36.29970798008236,8.153544151359515,38.91748315201665,0.01075306985505092,0.9216034868383322,1.013256829395167,6,11
2024-11-18,2569.8,2614.78,2569.8,2612.09,0.015903080273802273,1,42.0589582667401,-30.10203619611866,-15.776213863277007,-14.325822332841653,2535.847112186885,2576.498,2617.148887813115,3.155514796682542,0.9377764166385233,2615.90686074643,2656.490020806063,2673.3648,2464.60525,19.850106558810708,13.034488516104604,6.815618042706104,38.44306960302809,37.41119250868218,15.695303540021651,35.23417425883278,0.01143781485672199,0.9362598210701383,1.0293707340910165,0,11
2024-11-19,2612.62,2639.23,2610.3,2634.71,0.008659732245060336,1,46.49254473334474,-27.076934784921832,-10.200889961664142,-16.87604482325769,2524.2295102141507,2589.152,2654.0744897858494,5.014961638857,0.8508645474802007,2619.325613337988,2655.084858173414,2673.6211999999996,2466.54765,31.983413650689574,21.264689167486726,10.718724483202848,37.467805541776265,37.95845712335692,19.929195124122415,33.06649405338186,0.011694128614939889,0.9443675804324139,1.038284809029146,1,11
2024-11-20,2634.83,2655.06,2619.82,2652.02,0.006569983034185878,1,49.666598746001455,-23.017417328458123,-4.9130980041603465,-18.104319324297776,2527.5771720938787,2606.2580000000003,2684.938827906122,6.037838763938299,0.7908078195021087,2625.2700472765355,2654.8871253880325,2674.1382,2468.56295,44.96087489393804,32.26479836781277,12.696076526125267,35.99148711112506,37.21727835707658,21.795512947549348,30.597136138623714,0.011796520731760685,0.95057205941389,1.0451063226091206,2,11
2024-11-21,2652.2,2673.31,2650.7,2668.68,0.006282003906456168,1,52.58204758568137,-18.2455741095373,-0.11300382819161925,-18.132570281345682,2551.8725036659876,2627.7400000000002,2703.607496334013,5.774353348049098,0.7698125150970977,2633.162765953529,2655.7769882662237,2674.3511999999996,2470.5078999999996,53.89074763582166,43.61167872681642,10.27906890900524,34.00625123474518,35.737028388260725,24.686624651409602,29.095807883000543,0.011570740265745401,0.9565435568044961,1.051671684610413,3,11
2024-11-22,2668.8,2715.82,2668.8,2715.58,0.017574231455251388,0,59.664991848634045,-10.557713193179552,6.059885670532907,-16.61759886371246,2578.476035065341,2656.616,2734.755964934659,5.882669150126253,0.8772973282577353,2648.147717598342,2659.6352470877578,2675.5276,2472.59835,71.91412617966228,56.92191623647398,14.992209943188293,32.19669411169347,34.094090611409264,31.185885393449944,26.20839431505592,0.012313671744390346,0.9733540746688076,1.0701540062106907,4,11
2024-11-25,2670.27,2670.27,2606.86,2610.17,-0.0388167536953431,1,43.82147276953576,-12.82291944739336,3.03574353305528,-15.85866298044864,2576.9869176289803,2656.2320000000004,2735.4770823710205,5.966728988357951,0.20936997841493055,2641.2426780350065,2656.443940824032,2674.2796,2474.2046000000005,67.50669361305505,64.43718914284632,3.0695044702087273,30.803328238554453,32.40478973664982,25.01914591690495,32.29163919283815,0.014694661348662498,0.9452034952145401,1.0286141017355255,0,11
2024-11-26,2611.51,2641.72,2609.48,2632.18,0.00843240095472697,1,46.98694020147841,-12.695740080211635,2.530338320189605,-15.22607840040124,2575.764727373873,2655.726,2735.687272626127,6.021801392623115,0.35276622528199547,2639.594918392278,2654.878525286998,2673.7637999999997,2475.7176500000005,64.55925801264063,67.99335926845265,-3.434101255812024,29.509488499211084,30.853091305452274,23.53305266435337,30.373572633824153,0.014888318055188605,0.9572607920864095,1.0372877882690459,1,11
2024-11-27,2632.63,2658.1,2627.2,2636.89,0.0017893913030264663,1,47.666507954938844,-12.075690831505653,2.5203100551164717,-14.596000886622125,2570.9131905501263,2652.7000000000003,2734.4868094498743,6.166306740292833,0.4033462724225101,2639.103115048227,2653.717975268482,2673.232,2477.3454500000007,49.84479599087468,60.636915872190116,-10.792119881315436,27.85038096892443,29.32685460373944,25.235831425971945,28.618981669829683,0.014898796964753231,0.958973706222497,1.03914390201611,2,11
2024-11-28,2637.14,2649.16,2621.09,2638.78,0.0007167534481908877,1,47.95481551057594,-11.301513319482638,2.635590053711592,-13.93710337319423,2566.4162877571007,2646.72,2727.023712242899,6.068168317230317,0.450562683976657,2639.0443668576404,2652.7542349285804,2673.2968,2478.844900000001,55.19465948614378,56.53290449655303,-1.3382450104092527,26.459270263095007,27.984379381153047,23.885963167229306,28.252468773869737,0.014907476094332104,0.9596610539331565,1.0398887119910467,3,11
2024-11-29,2638.66,2666.03,2634.43,2650.25,0.004346705674592055,0,49.76357704889968,-9.65118605713451,3.4287338528477775,-13.079919909982287,2604.228743501694,2633.654,2663.0792564983058,2.234557500590873,0.7820026394834579,2641.081754701706,2652.592671384801,2673.0954,2480.3225000000007,58.573619058304324,54.53769151177426,4.035927546530061,24.685517879174885,26.267949424049657,25.682510979849614,26.53190209835685,0.01492722473743069,0.9639691413481929,1.0444088021564022,4,11
2024-12-01,2650.24,2650.24,2642.4,2645.92,-0.001633808131308312,0,49.07026566175023,-8.593622691395012,3.5890377748698192,-12.182660466264831,2626.340607590518,2640.8040000000005,2655.267392409483,1.0953779537960684,0.6768603054925559,2641.961435665032,2652.1621764567494,2672.8126,2481.874750000001,60.26216388047422,58.010147474974104,2.2520164055001146,23.038462094106197,24.7488661786006,25.27079169577517,26.10656612767861,0.01339029993928641,0.9742619172110081,1.042702438563029,6,12
2024-12-02,2646.13,2651.41,2621.99,2641.84,-0.001541996734595097,1,48.38620400910279,-7.9925844681933995,3.3520607984571456,-11.344645266650545,2631.90888034653,2642.736,2653.5631196534696,0.8193871543332144,0.4586224208895394,2641.939356453208,2651.496229588572,2672.5384000000004,2483.2001000000005,59.33798710311967,59.39125668063274,-0.05326957751307049,22.07362949667777,23.379573687926328,23.73507193096345,28.73598658240391,0.01282368964084599,0.9727596085160283,1.0410945948076105,0,12
2024-12-03,2642.25,2654.97,2634.64,2642.62,0.0002952487660115022,1,48.53391645168709,-7.3683797694661735,3.181012397747498,-10.549392167213671,2635.135704784854,2643.882,2652.628295215146,0.6616252325289776,0.427855167876407,2642.0631098253516,2650.923569615116,2672.3298000000004,2484.69495,55.63782953867375,58.41266017408921,-2.774830635415462,21.061389901209264,22.04992599765773,23.465774076310243,27.49264887519527,0.01270846149930193,0.9730468145900685,1.0414019767020286,1,12
2024-12-04,2642.87,2656.42,2633.47,2650.18,0.0028607972391037073,0,50.026714498471875,-6.192283441181644,3.485686980825623,-9.677970422007267,2638.153249785994,2646.1620000000003,2654.1707502140066,0.6053106509734733,0.7508506254179694,2643.538908038924,2650.875597381883,2672.3244000000004,2486.1228,53.72437627291837,56.23339763823726,-2.509021365318887,20.07151391630172,21.072571706489747,22.608864658613392,26.118778227338943,0.012730614206201215,0.9758305042307662,1.044381216601775,2,12
2024-12-05,2650.0,2655.33,2623.57,2633.62,-0.0062486321683810075,0,46.82294071049441,-6.521298757298609,2.525337331766927,-9.046636089065537,2630.612304978013,2642.8360000000002,2655.0596950219874,0.9250437803925153,0.1230272440770478,2641.735470213665,2649.762333034665,2672.1400000000003,2487.3819,43.90763410348866,51.08994663836026,-7.182312534871599,19.45377122934802,20.257580565278644,21.041774077815496,26.46898312794078,0.01168582189117689,0.9697328983511425,1.037855262535664,3,12
2024-12-06,2632.9,2645.16,2613.71,2632.14,-0.000561964140612603,1,46.536103201342485,-6.822820172976662,1.7790527328711008,-8.601872905847763,2625.3716894243175,2640.08,2654.7883105756823,1.114232188091451,0.2300845682056969,2639.9908392657258,2648.6254083227514,2672.3436,2488.6303999999996,34.26929996983741,43.96710344874815,-9.697803478910735,19.17440147945174,19.62295769787673,19.59349549944371,26.80503033021279,0.011462529806594603,0.9691879432362969,1.0372720250949732,4,12
2024-12-08,2632.14,2647.67,2632.14,2639.2,0.0026822281489586874,1,48.16730872903326,-6.4181110807244295,1.747009460098667,-8.165120540823096,2624.9705981472716,2639.552,2654.1334018527286,1.1048391433643667,0.48792982994517603,2639.847050308321,2648.017317463219,2672.9644000000008,2489.9877499999993,25.813754282917024,34.66356278541436,-8.84980850249734,18.811086784934375,19.132429007141198,19.472340070635607,25.8585545861325,0.011157995902617356,0.9717875264192766,1.04005422531881,6,12
2024-12-09,2639.86,2676.08,2627.2,2660.54,0.008085783570779048,1,52.85008477676902,-4.325554258239663,3.0716530260667465,-7.397207284306409,2619.063702228692,2643.1360000000004,2667.208297771309,1.821495206550742,0.8614943651275194,2643.6094047977167,2648.8252324655923,2673.5278000000003,2491.390349999999,34.0491923641701,31.377415538974844,2.671776825195259,17.545314633989232,18.359858056720483,23.603641476309626,23.094502506348718,0.011227136480067514,0.9796451900346855,1.0413235432257255,0,12
2024-12-10,2660.61,2698.13,2656.9,2695.71,0.013219120930337391,1,59.36569507664621,0.16879144892936893,6.0527989865886225,-5.8840075376592536,2598.5830130547542,2652.2419999999997,2705.900986945245,4.046311531545424,0.9050393277491035,2653.082240289041,2651.85005617749,2674.3050000000003,2492.918849999999,58.764976233291485,39.5426409601262,19.222335273165285,17.07696092697693,17.944023855955653,26.247864474185825,21.050543804280284,0.011464130093336158,0.9925952382705775,1.051799683957939,1,12
2024-12-11,2695.87,2720.8,2674.06,2719.83,0.00894754999610492,0,63.128837332593115,5.612181487891121,9.1969512204403,-3.5847697325491787,2594.5559483772,2669.484,2744.4120516228,5.613673026157866,0.8359622925566645,2665.218196600124,2656.235859004749,2675.5800000000004,2494.5852999999997,81.9143167066817,58.242828434714426,23.671488271967277,17.276255922609778,17.410785278299507,28.4179754720412,18.997833599104926,0.01154903814371067,0.9996434872096441,1.0583819752509922,2,12
2024-12-12,2719.41,2725.72,2675.24,2680.31,-0.014530319909700218,0,54.26183903108448,6.660396686646436,8.196133135356492,-1.5357364487100558,2616.886407701647,2679.118,2741.349592298353,4.645677592278728,0.5095771292038076,2667.9621608546468,2657.7890293915393,2676.2002,2496.3175499999998,85.31204712923731,75.33044668973683,9.981600439500482,17.591715241010956,17.33433808399394,26.51601357551188,17.062634187531415,0.011745812918310916,0.9833401816767681,1.0281756596058091,3,12
2024-12-13,2679.76,2692.08,2646.15,2647.49,-0.01224485227455041,1,48.20622381694718,4.787626296079907,5.05869019583197,-0.27106389975206324,2623.6278598728854,2680.7760000000003,2737.924140127115,4.263552055607395,0.2087744244522891,2664.2399497901656,2657.124575882408,2675.9432,2497.9375999999997,62.915212214178915,76.71385868336597,-13.798646469187055,16.7834473983362,17.02985166047299,24.10958406633976,21.26207445628763,0.011989303506853692,0.9712993264165064,1.0155858005416476,4,12
2024-12-15,2648.05,2652.73,2647.7,2651.3,0.001439098920109405,1,48.918904597428444,3.5697278271618416,3.0726333815311238,0.4970944456307177,2618.0332278106866,2678.9280000000003,2739.822772189314,4.546204466063567,0.27314965631114935,2661.887231646499,2656.7487967932207,2675.4912,2499.61365,41.058834032675676,63.0953644586973,-22.03653042602162,16.03291297299536,16.812314107003157,23.84372072222354,21.027611422738712,0.011902914281203962,0.9726971222282554,1.0170473289704856,6,12
2024-12-16,2651.25,2663.99,2643.41,2651.5,7.543469241499956e-05,0,48.95860817879145,2.590807626987953,1.6749705450857881,0.9158370819021648,2608.5398537356814,2670.0860000000002,2731.632146264319,4.610049733553065,0.34900760544632664,2659.998644074408,2656.4101647420453,2674.6502,2501.2179,32.48519477427613,45.48641367371024,-13.001218899434107,15.696228610311774,16.239838004323985,25.219347717413896,20.09056797828086,0.01181257673141807,0.9727704973364837,1.017124049622918,0,12
2024-12-17,2651.62,2658.43,2632.87,2647.29,-0.001587780501602909,0,48.11089353093847,1.4584820271138597,0.4341159561693557,1.024366070944504,2627.636813912259,2655.578,2683.5191860877408,2.104339325581157,0.3516884721003956,2657.687981515425,2655.8217670167523,2673.1854000000003,2502.76695,32.425676278903744,35.32323502861851,-2.8975587497147686,14.974466615461058,15.503689794228208,23.800745893598872,21.28002711474172,0.01104229204941705,0.9712259513082783,1.0155090798892152,1,12
2024-12-18,2647.33,2651.48,2583.08,2588.06,-0.022373823797166126,1,38.11246068395188,-4.17018882209959,-4.1556439144352755,-0.01454490766431471,2582.121583283486,2637.128,2692.1344167165144,4.171691075785035,0.05397930887880518,2645.02834851262,2651.450040112446,2670.4783999999995,2504.02815,22.402944002425887,29.104605018535253,-6.701661016109366,15.070146733390718,15.383187671851246,20.48065191979989,28.465764561404132,0.008388455023550241,0.9494959130064717,1.0019279309971043,2,12
2024-12-19,2588.52,2626.24,2587.01,2593.57,0.0021290078282576452,1,39.37468649930907,-8.093048446729881,-6.4628028312524535,-1.630245615477428,2561.2735695419847,2626.344,2691.4144304580154,4.955210014987784,0.2481651821778998,2635.672285146689,2647.7158439761592,2667.9246,2505.3307,13.60831708550185,22.812312455610492,-9.203995370108641,15.158992557182545,15.066729586321802,18.856013983373664,26.207703578925102,0.00815462668201,0.9515173972381611,1.004061043405547,3,12
2024-12-20,2593.48,2630.93,2589.2,2622.0,0.010961724572693177,1,45.54594850238954,-8.806365264355009,-5.740895719102064,-3.0654695452529444,2561.6747208002707,2620.4840000000004,2679.29327919973,4.488428794049469,0.5128891224363671,2633.186415120018,2646.0567572680197,2665.4334000000003,2506.9844500000004,12.71031968592269,16.24052692461681,-3.5302072386941195,15.057374265098998,15.063760499244857,18.221496662010402,24.024556695678854,0.00855070865745403,0.9619476688728117,1.0150672840175294,4,12
2024-12-22,2622.0,2624.29,2620.9,2623.84,0.00070175438596487,0,45.92957221129143,-9.11809365121917,-4.84209928477298,-4.27599436644619,2566.425855706516,2614.952,2663.4781442934845,3.711436714209998,0.5915794993544679,2631.487066916378,2644.623418089438,2663.4840000000004,2508.5016000000005,21.071695644045757,15.79677747182343,5.274918172222327,14.96301442244999,15.061003489816269,18.089664764315668,23.850739859487277,0.008550620228942275,0.9626227198685119,1.0157796119361384,6,12
2024-12-23,2623.28,2632.98,2608.31,2615.26,-0.0032700164644184904,1,44.360210723507166,-9.942859838634831,-4.533492377750913,-5.409367460883918,2575.320240114146,2608.5460000000003,2641.7717598858544,2.5474543968827175,0.6010360639315043,2628.5366911134,2642.729004019152,2661.1154,2510.0583500000007,26.14040007478049,19.974138468249645,6.1662616065308455,15.27307932404884,15.165226794573918,17.119000592849343,25.30933356857582,0.008504659092838984,0.9594749277255186,1.0124579958808866,0,12
2024-12-24,2615.08,2621.19,2609.9,2616.1,0.00032119177443146185,1,44.559935066977445,-10.408726682466295,-3.9994873772659005,-6.409239305200394,2589.986055941969,2614.154,2638.321944058031,1.8490069106893492,0.540259940922721,2626.275474547327,2641.011003759852,2658.4948000000004,2511.6292000000008,24.761637689287856,23.991244469371367,0.7703932199164889,15.560996732676344,15.262005577563167,16.677947809472244,24.657265595606503,0.00850374667497247,0.9597831031800772,1.0127831890611207,1,12
2024-12-25,2614.31,2619.96,2613.27,2617.86,0.0006727571576010671,1,45.00536959501313,-10.514705244641846,-3.2843727515531604,-7.230332493088685,2611.5205328545185,2619.012,2626.503467145482,0.5720834532626572,0.42311252404711897,2624.7453882659947,2639.5173906140553,2656.135,2513.248700000001,23.364180220602112,24.75540599489015,-1.3912257742880385,15.82834861211617,15.550713968082505,16.408180424365153,24.25843198972126,0.008504322835717547,0.9604288041324862,1.0134645462006597,2,12
2024-12-26,2618.02,2638.83,2617.7,2632.5,0.005592354060186544,0,48.69777550420491,-9.310047933017358,-1.6637723519429377,-7.646275581074421,2606.7220701880897,2621.112,2635.5019298119105,1.0980019023918401,0.8956933824157427,2626.1553176721773,2639.0646557357295,2653.8992,2514.7830000000004,27.39297064871947,25.172929519536478,2.2200411291829916,15.157996258269495,15.35949649547292,20.209632067698145,22.9933818300255,0.008609646041532618,0.9657998620547966,1.01913219877046,3,12
2024-12-27,2632.36,2637.81,2611.3,2620.84,-0.004429249762583076,1,46.04607816345743,-9.190273139772671,-1.2351980469586001,-7.955075092814071,2606.4442325868054,2620.512,2634.579767413195,1.0736655594933215,0.5116578555205685,2625.188896277236,2637.8888714947147,2650.8220000000006,2516.311550000001,28.500654327911896,26.419268399077826,2.08138592883407,14.78867224296171,15.30851042753894,18.879397970912393,23.068974956088105,0.008629478833189654,0.9615220932450876,1.0146182077210153,4,12
2024-12-29,2621.18,2625.71,2619.25,2623.83,0.0011408556035468198,0,46.845384275527984,-8.75318151384272,-0.6384851368229185,-8.1146963770198,2609.3171379280884,2622.226,2635.134862071912,0.984572807371424,0.5621278618930303,2624.9418242268293,2636.981847527314,2647.5958,2517.887100000001,32.834740610008645,29.576121862213334,3.2586187477953104,14.445728514461623,14.80186238636556,18.558824479856657,22.677262156339697,0.008528944374966563,0.9626190511131004,1.0157757405887544,6,12
2024-12-30,2623.8,2627.92,2596.2,2606.51,-0.006601037414771471,1,42.882331231256835,-9.692631875136158,-1.262348398493085,-8.430283476643073,2601.394780284898,2620.3080000000004,2639.221219715103,1.4435875259780537,0.13522868639382693,2621.590583458315,2635.0159218803906,2644.8006,2519.1868000000004,30.938553498913446,30.757982812277994,0.18057068663545195,15.005627105474963,14.897149674218337,17.02973564944458,26.795997311306884,0.008650281403520855,0.9562647667405311,1.009070566920111,0,12
2024-12-31,2606.45,2627.22,2603.06,2624.19,0.006783016370549122,0,47.74228923706678,-8.907840769310496,-0.38204583413393856,-8.525794935176558,2602.6326874797005,2621.5740000000005,2640.5153125203005,1.4450335958702683,0.5690554046134838,2622.063204647712,2634.3174753074627,2642.5661999999998,2520.5079000000005,39.05098805370281,34.274760720874966,4.776227332827844,15.525532939987349,14.985630727224486,15.95168945131703,25.09971008635324,0.008776202341484211,0.9627511263079114,1.0159151090945693,1,12
2025-01-01,2624.8,2625.01,2620.7,2623.68,-0.000194345683811048,1,47.616428156382504,-8.232145848572145,0.23491926928353024,-8.467065117855675,2604.7013071382144,2619.81,2634.9186928617855,1.1534189778484383,0.6280719660993401,2622.357167439037,2633.631186577949,2640.2758,2521.82485,44.54984253300326,38.1797946952065,6.370047837796754,16.008302643463136,15.506964874469048,15.760020717683169,24.798122617420216,0.00855486803257096,0.9625640197819292,1.0157176703779984,2,1
2025-01-02,2623.52,2660.21,2622.0,2658.11,0.013122789364556686,0,56.04164648993944,-4.862388906698925,2.8837409689254008,-7.746129875624326,2589.630356541103,2627.2639999999997,2664.8976434588963,2.8648543472522436,0.9098194748761227,2628.857682450121,2635.2104648632426,2638.7112,2523.4241,67.32291666769652,50.307915751467526,17.015000916228992,15.078601358240602,15.302067149113975,23.61860285650077,22.246108411868548,0.00854666428241974,0.9751955446634285,1.029046719420227,3,1
2025-01-03,2658.56,2664.8,2636.1,2639.82,-0.006880828859603283,1,51.319595754473504,-3.625885446180746,3.296195543554864,-6.92208098973561,2591.5902122871717,2630.462,2669.3337877128283,2.9555103029679453,0.6203700749388467,2630.8508310955535,2635.507854226905,2636.5984000000003,2524.8444,73.01570395557995,61.629487718759904,11.386216236820047,14.410766644099967,15.209534643781552,23.032599823352975,20.53655955914764,0.008339831490244939,0.9684853910159519,1.0219660250553604,4,1
2025-01-05,2639.82,2642.25,2638.85,2640.67,0.0003219916509458187,0,51.52402180947806,-2.5479880290090478,3.4992743685812506,-6.047262397590298,2608.86620163307,2637.2940000000003,2665.7217983669307,2.155830814989178,0.5593784991089391,2632.6361345327255,2635.8408958896853,2636.1344,2526.08945,77.74907930331055,72.695899975529,5.0531793277815495,13.790634409540806,14.434617883890704,22.808977585820895,20.33717123846093,0.007755386870268587,0.9809032421027607,1.0222950895829785,6,1
2025-01-06,2640.65,2648.9,2614.66,2634.43,-0.0023630366535766223,1,49.868412121693574,-2.1722223827464404,3.1000320118750864,-5.272254394621527,2614.3688968690167,2639.342,2664.3151031309835,1.8923734120840283,0.4016541922275954,2632.9622918904115,2635.7498703484152,2634.6864,2527.3714499999996,63.89959229508266,71.55479185132438,-7.655199556241719,13.506977871057602,13.958872257578784,20.63608228892254,25.130062755739598,0.007282604452008228,0.9886032722906033,1.0198793688155225,0,1
2025-01-07,2633.6,2663.97,2632.1,2649.46,0.005705218965772474,1,53.725413750097545,-0.6540900686345594,3.694531460789574,-4.3486215294241335,2625.8483383411262,2644.498,2663.147661658874,1.4104500482793945,0.6330319040302532,2635.961875183064,2636.6343948420663,2633.9985999999994,2528.5486499999997,67.14978584026191,69.59948581288504,-2.4496999726231223,12.54523791375195,13.167936161646377,22.959087897205123,22.9395266105114,0.007395418632308955,0.9942434704293005,1.025698003933289,1,1
2025-01-08,2648.3,2669.76,2644.4,2662.54,0.004936855057256828,1,56.8376789657878,1.5862026568788679,4.747859349042401,-3.1616566921635334,2623.381451965956,2645.384,2667.386548034044,1.663467234552272,0.8898639369734538,2640.7942615134157,2638.3057242070945,2633.5399999999995,2529.75985,74.51741000913665,68.52226271482706,5.995147294309589,11.90798208142496,12.707479976241281,22.950201025921828,21.34509187144114,0.007477759736048036,0.9972956370610091,1.0307617263112254,2,1
2025-01-09,2662.59,2677.85,2655.64,2669.95,0.002783056780367499,1,58.53893491264419,3.9144524827725036,5.66088733994883,-1.7464348571763262,2621.8282657710856,2651.41,2680.991734228914,2.231396444074227,0.8133690516000633,2646.095304874613,2640.3472903872816,2634.4651999999996,2530.979,86.04930769516415,75.9055011815209,10.143806513643241,11.668362839220462,12.106800376486206,23.779199578949648,20.031899298767225,0.007485566499378231,0.9970498720988853,1.0336303947225791,3,1
2025-01-10,2670.08,2697.39,2663.8,2688.77,0.007048821138972761,1,62.573780512558415,7.195281235449784,7.153372874100888,0.04190836134889575,2619.8866044183314,2661.0299999999997,2702.173395581668,3.092290998723675,0.8371136437309512,2653.8543403519557,2643.4713361687477,2636.2646,2532.3153,90.66360359917375,83.74344043449152,6.920163164682236,12.212865197890002,12.06042363965748,26.91156602473595,18.20747350127525,0.005349845493832735,0.9968043182483809,1.0393349851759366,4,1
2025-01-12,2688.77,2690.64,2686.31,2690.64,0.0006954852962506308,0,62.9594985903131,9.832907395119946,7.8327992270168405,2.0001081681031057,2637.19981329901,2672.2720000000004,2707.3441867009906,2.624896470193916,0.7618599198931743,2660.542642106145,2646.514475770764,2638.6486000000004,2533.8574,91.7117693608137,89.4748935517172,2.236875809096503,12.71847453094029,12.193418685080376,26.575558462539895,17.98014192275286,0.00535655512340351,0.9974975809949618,1.0391781245172254,6,1
2025-01-13,2690.06,2693.12,2656.88,2667.83,-0.008477536942883446,1,55.45223825920084,9.967766552752437,6.374126707719465,3.593639845032972,2650.218370494176,2675.946,2701.673629505824,1.922881067542028,0.34227073858159524,2661.867616268664,2647.8896708823277,2640.6754000000005,2535.53745,85.19945976216364,89.19161090738369,-3.992151145220049,11.882319177939241,12.04759218791462,23.887349521423246,24.375918384032232,0.005380262027664503,0.9890412584016401,1.0275903243201603,0,1
2025-01-14,2670.89,2677.88,2659.4,2674.72,0.0025826233305719093,1,57.11564227527454,10.509462285339396,5.532657952245138,4.9768043330942575,2657.0741920416754,2678.382,2699.6898079583248,1.5910955164965044,0.4140690584605733,2664.204413310725,2649.6206598576614,2642.9444000000003,2537.2458499999993,80.57120268801265,85.82747727033,-5.256274582317346,11.10588920729541,11.91218186911785,22.630253363290997,23.09311079066444,0.005393395291589534,0.9915955794304865,1.0302442030660195,1,1
2025-01-15,2675.52,2696.96,2669.2,2694.62,0.007440031106059841,1,61.578055055341196,12.401566209327484,5.939809500986581,6.4617567083409035,2660.4058511574326,2683.3160000000003,2706.226148842568,1.70759976406563,0.7467028930645031,2669.734519981502,2652.523843092651,2645.4128000000005,2539.0336999999995,81.8159093891773,82.52885727978453,-0.7129478906072251,11.058901739439124,11.470610458689183,26.247154503996374,21.281346036840993,0.005480762652950192,0.9989730813860807,1.0379092519836686,2,1
2025-01-16,2694.87,2724.4,2690.0,2714.52,0.007385085837706251,0,65.44979470707116,15.33011981120626,7.094690482292284,8.235429328913975,2651.911849483425,2688.466,2725.0201505165746,2.7193314341021786,0.8563753996715973,2677.87733453032,2656.52359515119,2647.4614,2540.8449499999997,88.55233423315124,83.64648210344707,4.905852129704172,11.971272089259722,11.538580648277566,31.319600828525207,19.264382174770976,0.005625805904522006,0.9963735134341506,1.0455743009013174,3,1
2025-01-17,2714.49,2717.2,2698.69,2701.88,-0.004656440180952792,0,61.22928712415238,16.441549330499583,6.564896001268487,9.876653329231097,2652.1634160875838,2690.7140000000004,2729.264583912417,2.8654538470024415,0.6448227091108119,2682.241455524807,2659.4498148188554,2648.8048,2542.5546499999996,89.1797234139825,86.51598901210367,2.663734401878827,12.818473128378848,11.938687433908985,29.689072625201447,18.261460118786058,0.005808402122815653,0.9917339597709588,1.040705646714429,4,1
2025-01-19,2701.88,2702.57,2690.93,2696.41,-0.0020245162627504643,1,59.442877073891374,16.688606084014282,5.449562203826547,11.239043880187735,2667.5933705161647,2696.4300000000003,2725.266629483836,2.1388746960859817,0.4996532188338508,2684.8175545202967,2661.8343428950584,2649.6926000000003,2544.3437499999995,81.65664297430284,86.46290020714552,-4.8062572328426825,13.191845234506301,12.581558661883012,28.677977848559713,19.90995389697439,0.005782285066138479,0.9897261782410806,1.0385987212079193,6,1
2025-01-20,2695.87,2713.57,2688.9,2710.18,0.005106790139481676,1,62.41564082930443,17.79044706088189,5.2411225445553224,12.549324516326566,2686.2649063864255,2703.522,2720.7790936135743,1.2766379273831985,0.6929061796003335,2689.428908243879,2664.9534175469903,2650.5226,2546.17605,80.33837555434046,83.72491398087526,-3.3865384265347984,13.928319764212016,13.373396446295432,29.825528592933654,18.473949286195477,0.005684629778683222,0.994780502128909,1.0439026269162623,0,1
2025-01-21,2709.69,2745.69,2703.18,2744.2,0.012552671778258251,1,68.5491698426062,21.164818799898967,6.89239542685792,14.272423373041047,2676.267768900542,2713.438,2750.6082310994584,2.7397147898318153,0.913798880045812,2699.3872885631736,2670.066100285894,2651.0950000000003,2548.26825,86.79973816682627,82.93158556515652,3.868152601669749,15.558188396839006,14.375016815672653,35.224001744162415,16.293231583092545,0.00617766466422011,0.9994573313083414,1.0570063939604037,1,1
2025-01-22,2744.24,2763.1,2742.71,2755.28,0.004037606588441323,0,70.25192526728306,24.451237469500484,8.143051277167547,16.308186192332936,2668.6850588320267,2721.59,2774.4949411679736,3.8877965577455416,0.8184012613588789,2709.5495997335056,2675.563771235192,2653.9972,2550.4169000000006,93.31182989787146,86.81664787301273,6.495182024858735,17.4863293782845,15.707324571248257,38.10678199161324,15.356850436452435,0.005822005364994521,0.9971698454634289,1.0584773305263806,2,1
2025-01-23,2755.76,2758.61,2736.09,2754.18,-0.00039923347173442814,1,69.84762001805655,26.65967104289757,8.281187880451707,18.378483162445864,2677.962119657115,2732.0499999999997,2786.1378803428843,3.959508818863824,0.7045744800841636,2717.6642179637774,2680.635785994212,2656.4371999999994,2552.4358500000003,95.12621571199385,91.74592792556386,3.3802877864299887,18.907908918771,17.233048657805004,35.668593596499456,16.255124049465405,0.0057844739317093495,0.9967717418841157,1.0533606663963957,3,1
2025-01-24,2754.39,2785.44,2754.1,2770.96,0.006092557494426831,0,72.45211412507682,29.424686850626586,8.836962950544574,20.58772390008201,2701.5977161070405,2746.96,2792.3222838929596,3.3027262059119584,0.7645369450161758,2727.3543601521815,2686.463154639747,2659.1185999999993,2554.6473500000006,91.78672242148669,93.40825601045066,-1.6215335889639704,20.83848969457671,19.162409536430605,40.03846484634765,14.832785472205652,0.005804789897687297,0.9948015394336263,1.0597783268187835,4,1
2025-01-26,2771.45,2771.45,2765.54,2767.1,-0.0013930190258971686,0,70.93423324016997,30.94776548231539,8.288033265786702,22.65973221652869,2736.835612799077,2758.3440000000005,2779.852387200924,1.5595144913704457,0.7035485022239,2734.5808401245117,2691.6655317597633,2661.6849999999995,2556.707950000001,89.0213068018454,91.97808164510863,-2.956774843263233,22.63117184353916,20.769540381155082,39.339406102096426,14.573809799043852,0.005327510757627463,0.9934157619622034,1.0583020354462913,6,1
2025-01-27,2767.03,2772.26,2731.16,2742.32,-0.008955223880596885,1,61.96001143536512,29.811627481703,5.7215162121394485,24.09011126956355,2735.194777127844,2757.968,2780.7412228721555,1.651449391157233,0.1564386145991623,2735.987960101873,2694.933561968811,2663.5263999999997,2558.536150000001,80.34596809221595,87.05133243851601,-6.705364346300058,22.537657028892024,21.688073361734368,34.79023157184308,22.561677841863695,0.005526492240110204,0.9845195014073181,1.0488247037855785,0,1
2025-01-28,2742.22,2764.78,2734.87,2762.64,0.007409784416114729,0,65.7828965627023,30.202725885990276,4.890091693141379,25.312634192848897,2736.5841911106872,2759.44,2782.295808889313,1.6565541478932546,0.5700040855149107,2740.833785537896,2699.3017192611455,2665.8608,2560.881800000001,78.15287284795679,82.50671591400604,-4.353843066049251,22.450821843862542,22.540996843700853,31.899254741081027,20.686861695002094,0.005644552330412226,0.991814578666207,1.056596268730925,1,1
2025-01-29,2765.72,2765.84,2744.6,2759.96,-0.0009700865838472295,1,64.85712394636774,29.95116223252853,3.710822431743704,26.240339800784827,2738.4982824711533,2760.5960000000005,2782.6937175288476,1.6009381690654603,0.48560937347556,2744.3112790764603,2703.2151567281685,2668.2232000000004,2563.1893000000005,76.16950884838101,78.22278326285125,-2.0532744144702377,22.4038794373835,22.47076823313776,30.29140767439626,19.450780211335655,0.005592662394789308,0.9908524326497788,1.0485771817180198,2,1
2025-01-30,2760.1,2798.12,2758.3,2796.0,0.013058160263192287,1,70.80696378998202,32.28773017089907,4.837912296091389,27.449817874807678,2726.7589292704406,2765.604,2804.449070729559,2.8091563889522297,0.8912465523826464,2753.709228335286,2709.201275648932,2671.2908,2565.6199,86.80161835635572,80.37466668423117,6.426951672124545,23.278105010579196,22.86446342722087,35.75721984226871,17.35688173513764,0.00604829960337726,0.9992423484339485,1.0573286945999092,3,1
2025-01-31,2796.26,2816.82,2791.22,2797.46,0.0005221745350501017,0,71.02100825548155,33.86689046254696,5.1336580701914265,28.733232392355536,2723.331814000191,2771.676,2820.0201859998087,3.488444248159512,0.7666711566940239,2761.6639140925063,2714.895386897388,2674.2364000000002,2568.0329,87.66843526730882,83.54652082401519,4.121914443293633,24.52391424471383,23.463896841048665,38.34371134337495,16.152970706629997,0.006043410795991139,0.9931270013703396,1.053403322739528,4,1
2025-02-02,2797.25,2801.46,2784.67,2792.51,-0.0017694622979416152,1,69.16928928129876,34.323305044749304,4.472058121915012,29.851246922834292,2744.2222153001017,2781.714,2819.2057846998982,2.695588741322673,0.643978208645127,2767.272293348414,2719.902781291105,2677.4142,2570.3931500000003,88.072348422594,87.51413401541951,0.5582144071744892,25.34017613759127,24.309140574085234,36.552938898254425,17.220527652040612,0.006117154449063607,0.9913697005843469,1.0510485983559665,6,2
2025-02-03,2792.84,2829.85,2772.21,2813.34,0.007459239179089749,1,72.42719120958088,35.951398463343594,4.88012123240744,31.071277230936154,2752.7653530551015,2791.8540000000003,2830.942646944899,2.80019277117634,0.7748368347245119,2775.6482400123386,2725.9309889497436,2681.0382,2572.94905,84.71603412857884,86.81893927282722,-2.102905144248382,26.722863121733514,25.623388683223673,38.423060902493155,14.684951131068802,0.006134712748824631,0.994165768503631,1.0588886212399506,0,2
2025-02-04,2813.44,2844.8,2807.22,2841.19,0.009899265641550636,1,76.06840899523655,39.038920105110265,6.37411429933929,32.664805805770975,2767.787800854059,2808.1,2848.412199145941,2.8711370069400037,0.9104216676471227,2787.5649236464587,2733.367054178793,2685.078,2575.4935,88.98899150264856,87.25912468460713,1.7298668180414296,28.29070477434391,26.81544045596759,38.55036937072562,13.309028226535995,0.006350621024641996,0.9987310179977502,1.0693708409864202,1,2
2025-02-05,2841.36,2882.01,2839.4,2868.78,0.009710719804025825,0,79.0237325920082,43.213942244897225,8.439309151301003,34.77463309359622,2758.614293901699,2822.656,2886.697706098301,4.537691174432938,0.8601090821128513,2802.331301165284,2742.103373264032,2689.2428000000004,2578.1943999999994,92.85765065979874,88.85422543034204,4.003425229456695,30.33878375190525,28.530823436819382,43.557943771979026,11.942675949562355,0.005948515009203742,0.9954094538186891,1.0787320448221405,2,2
2025-02-06,2868.78,2872.85,2835.26,2857.86,-0.003806496141216864,1,75.07217696079907,45.12139329749516,8.277408163119148,36.84398513437601,2771.678951861188,2834.7360000000003,2897.7930481388125,4.448883292046399,0.6833577742895227,2812.4274282261413,2749.571542730869,2692.4858000000004,2580.8798999999995,91.42568159121726,91.09077458455485,0.33490700666240514,32.027689806683576,30.159197290513745,39.687055045603614,11.86010833155817,0.006176302225737657,0.9916204315737974,1.0706803536640193,3,2
2025-02-07,2858.24,2886.24,2853.69,2860.09,0.0007803041436600378,1,75.34332840386826,46.279522831040595,7.548430157331666,38.73109267370893,2804.404876035255,2848.252,2892.099123964745,3.0788795348687654,0.6349917500805574,2821.0933503668425,2756.701765780491,2695.291,2583.53915,86.57678901691153,90.28670708930916,-3.7099180723976275,33.79985402964385,32.069318890774554,39.797996817936394,10.952458591402229,0.006122627602543288,0.9909397693885471,1.0636654393990108,4,2
2025-02-09,2860.45,2869.93,2858.3,2867.22,0.002492928544206574,1,76.23347711046469,47.228262233891655,6.79773564814618,40.430526585745476,2837.053089761751,2859.0280000000002,2881.0029102382496,1.5372294526845711,0.6863943904931323,2829.480013936507,2763.831974439814,2699.0292,2586.2290500000004,84.95460567117924,87.65235875976934,-2.6977530885901047,35.44543509382126,33.73656245025242,38.65958288896667,10.639165651710925,0.00603540344802013,0.9934101114252453,1.0663170813343745,6,2
2025-02-10,2867.41,2921.28,2865.1,2917.64,0.017584977783358102,0,81.35860325224226,51.455471028331885,8.819955554069125,42.63551547426276,2825.0113221563424,2874.318,2923.624677843658,3.43084361881029,0.9393116905722749,2845.5091023116875,2773.7550728630517,2704.4322000000006,2589.0139500000005,89.65283916363374,87.06141128390817,2.591427879725572,37.64013741714577,35.71999572339482,45.49151542499251,9.261049295068021,0.006618373214857746,0.9987539708620877,1.0850682435196548,0,2
2025-02-11,2917.28,2942.18,2882.52,2898.27,-0.006638927352243584,1,74.69453830522804,52.63581443106068,8.00023916543833,44.63557526562235,2827.2986557735753,2880.216,2933.1333442264245,3.674539980780926,0.6705867921370922,2855.1019928004716,2781.7882939686615,2709.3716000000004,2591.9101,88.33744265118258,87.64829582866518,0.6891468225174009,39.88727128354107,37.666353188681164,44.14196664139987,8.06615119094519,0.006908716838818367,0.9850756921738303,1.0778645542787013,1,2
2025-02-12,2897.94,2908.94,2864.99,2905.82,0.0026050022944723583,1,75.53568325577771,53.563025764468875,7.14196039907722,46.421065365391655,2839.8481453166914,2889.8080000000004,2939.7678546833095,3.457659102840673,0.6602486646678452,2864.3234486549313,2789.7903395190706,2714.4580000000005,2594.84425,86.57933807700564,88.18987329727399,-1.6105352202683463,41.097840141338196,39.36898877924199,40.04314372338467,11.020819867006667,0.006903383903291693,0.987641816612172,1.0749635614350508,2,2
2025-02-13,2906.15,2932.06,2901.4,2930.86,0.008617188951827615,0,78.13189325490676,55.676561415834385,7.404396840354181,48.272164575480204,2856.0410684567114,2903.962,2951.8829315432886,3.300382824795131,0.7806498030584221,2876.421003444944,2798.891607937195,2720.1294000000003,2597.8452500000003,85.30775655522152,86.74151242780324,-1.4337558725817274,42.50989566858018,41.19858347606062,42.34929252094361,10.30214402083716,0.006684803066530232,0.9961525127626455,1.0731191142225283,3,2
2025-02-14,2931.23,2939.93,2876.99,2882.14,-0.016623107210852917,0,63.91868291447379,52.81147896131051,3.6314515086642416,49.18002745264627,2869.8229677965774,2906.946,2944.0690322034225,2.554091627668526,0.1658947487900375,2877.4608210004085,2804.2624719412474,2726.0110000000004,2600.6568,81.35999815063079,84.41569759428599,-3.0556994436552003,42.71803586792926,41.90793800463373,37.01328913796451,13.890722803488528,0.008028847166793529,0.9795933627446315,1.0552805401367917,4,2
2025-02-16,2882.55,2892.97,2878.44,2879.37,-0.0009610914112430091,1,63.21457659634984,49.74394736347722,0.4511359286647547,49.292811434812464,2857.683406176406,2899.292,2940.9005938235937,2.8702589338082376,0.2606023399341191,2877.8079444548794,2809.10811891278,2731.727,2603.5628500000003,74.88845524576092,80.51873665053773,-5.6302814047768095,42.91130891018199,42.710602289381086,35.889058137205645,13.4688099834627,0.008039704953821702,0.978651883977187,1.0542663190732142,6,2
2025-02-17,2879.62,2906.2,2879.1,2899.18,0.006879977217238542,1,66.09137844441594,48.35401295077645,-0.7510387872288149,49.105051738005265,2857.87979944299,2899.474,2941.06820055701,2.86908594848652,0.49646585345957833,2881.69377273581,2814.9192080151815,2737.2706,2606.42145,68.36536948833567,74.87127429490911,-6.50590480657344,43.312621500697844,43.01532868431355,36.63254021380958,12.694353827682047,0.008061381793499498,0.9853849866425576,1.06151964732934,0,2
2025-02-18,2899.13,2936.78,2891.84,2933.76,0.011927510537462549,1,70.43748844762676,49.472508633694815,0.29396551655163705,49.17854311714318,2853.011957925315,2905.062,2957.1120420746847,3.5834031820790626,0.7756770105855298,2891.1603595111173,2822.58635588517,2743.469,2609.4595,77.59800749151816,73.61727740853824,3.9807300829799175,44.1414423752889,43.526375642735445,39.55792808348823,11.512199002980854,0.008287722453885848,0.997138176454194,1.074180934108584,1,2
2025-02-19,2933.74,2946.69,2918.8,2935.19,0.00048742910122157035,1,70.60527444765769,49.89910771707855,0.5764516799482919,49.32265603713026,2851.636042216398,2905.928,2960.219957783602,3.736634753758655,0.7694874268177371,2899.1657486909144,2829.8511071183852,2749.8676000000005,2612.5121499999996,87.1673672311805,77.71024807034478,9.457119160835731,45.044722779811345,44.17867214025459,39.32206544295114,10.837671192553199,0.007829437777752227,0.9960973159714799,1.0732466259822222,2,2
2025-02-20,2935.7,2954.71,2924.35,2940.81,0.0019146971746291097,0,71.29481483278451,50.113006056287304,0.6322800153256338,49.48072604096167,2863.716955000708,2917.6620000000003,2971.6070449992926,3.697826890112175,0.7145516794017258,2906.737430747112,2837.0097453688118,2756.3618000000006,2615.55575,91.72133857810496,85.49557110026787,6.2257674778370955,45.991240490579614,45.06634143293425,38.49257540253145,10.141101405388085,0.007778802065689737,0.995295646611681,1.0714894702324564,3,2
2025-02-21,2942.05,2949.0,2917.83,2935.49,-0.0018090254045655119,1,69.6296976334407,49.285114372689804,-0.15648933461749692,49.4416037073073,2895.2446962206436,2928.886,2962.5273037793563,2.297208138476974,0.5981531519009126,2911.9651706112736,2843.363310183727,2762.7144000000003,2618.5827999999997,88.0091389047229,88.96594823800278,-0.9568093332798782,46.53480731068672,45.789765045249034,35.93863938854234,10.856105718194476,0.00780445687250672,0.993495131501907,1.0642388427654714,4,2
2025-02-23,2935.5,2939.9,2934.95,2936.21,0.00024527421316378195,1,69.73272810486036,48.13226345964131,-1.0474721981328017,49.17973565777411,2930.935911877643,2936.2920000000004,2941.648088122358,0.3648198559514861,0.4923451595523561,2916.373321409224,2849.353419204132,2768.7886000000003,2621.4688499999997,84.65323741094625,88.12790496459137,-3.4746675536451193,47.03954792935761,46.51539420996861,35.535414336393096,10.734302170012509,0.007463885323219426,0.9937388102385682,1.0591585774526462,6,2
2025-02-24,2936.68,2955.84,2921.47,2949.81,0.004631821293435978,0,71.68661517204951,47.76541714930818,-1.1314548067727515,48.89687195608093,2927.112791793894,2939.502,2951.891208206106,0.8429460640684105,0.9160072148484689,2922.4527175166377,2855.8344889328982,2775.3680000000004,2624.43615,86.4714337159242,86.37793667719778,0.09349703872642579,47.765316344245484,47.150061827466104,36.37463474650126,9.903436502513527,0.007463836863519334,0.9979599707697303,1.0640644107048167,0,2
2025-02-25,2950.25,2952.25,2890.21,2918.31,-0.010678653879402367,1,61.74446061813236,44.420846197915125,-3.5808206065326473,48.00166680444777,2913.169233677748,2936.1259999999997,2959.0827663222517,1.563745310811045,0.11196625539698099,2921.699496149976,2859.86516706626,2781.2576,2627.0719999999997,78.06495471456361,83.06320861381134,-4.998253899247729,46.85867265917046,46.94911029426403,31.61734754722485,15.198093419739097,0.007990720720130169,0.9873031016563819,1.0527016351575096,1,2
2025-02-26,2918.88,2929.89,2890.88,2919.26,0.0003255308723200123,0,61.91600742633361,41.37001885767404,-5.30531835741899,46.67533721509303,2905.421782451931,2931.816,2958.2102175480686,1.8005371106555672,0.26214487174827666,2921.2559513954347,2863.6970917716626,2787.5126,2629.73945,70.74796591265286,78.42811811438023,-7.680152201727367,46.01678923731508,46.89105279078028,29.04504728478832,13.961618423418251,0.007904040343217001,0.9876244992963084,1.0399113713923385,2,2
2025-02-27,2918.91,2919.44,2868.41,2876.02,-0.014811972897241121,0,50.75899134319088,35.05897158132893,-9.29309250701128,44.352064088340214,2864.3431022061827,2919.9220000000005,2975.5008977938182,3.8068755120046185,0.10504794317022353,2913.031232959901,2864.492118108975,2792.5492,2632.3113,43.522289488167424,64.11173670512797,-20.589447216960544,44.22177674863857,45.540224703904514,26.05843492144836,17.05375752712145,0.008493799697176799,0.9729958319800801,1.0143761066004529,3,2
2025-02-28,2875.66,2884.44,2832.8,2857.09,-0.006582012642471158,1,46.78437208491677,28.204800962183526,-12.917810500925356,41.12261146310888,2829.8041221904746,2904.0980000000004,2978.3918778095262,5.1164855875749256,0.18363476651118502,2902.860099694464,2864.0145621019446,2797.2173999999995,2634.7717000000002,30.539422444051265,48.26989261495718,-17.730470170905914,41.24252178575807,43.629655511536576,23.432571843799746,22.284074920947443,0.008358656382633693,0.9665915611129154,1.0085745552103926,4,2
2025-03-02,2858.01,2875.12,2858.01,2870.48,0.004686586701853956,1,49.779909096949176,23.581450181231958,-14.032929025501538,37.614379206733496,2830.7732018923302,2888.232,2945.6907981076697,3.978821514869286,0.34552409217875396,2896.972808840925,2864.4316871276255,2801.4647999999997,2637.2610000000004,20.835542099980945,31.63241801073321,-10.796875910752266,38.4760707487976,41.348923748718086,22.577137271266107,21.470567627280396,0.00837994829945108,0.9711215762693515,1.0133013273086697,6,3
2025-03-03,2868.88,2894.74,2858.7,2890.63,0.007019731891530379,1,53.97825074962161,21.297839738250786,-13.053231574786167,34.351071313036954,2835.26877870275,2882.6960000000004,2930.123221297251,3.2904767826541903,0.5836439473258757,2895.8195708698477,2866.1219008613275,2806.481,2639.63455,32.45557000433457,27.943511516122257,4.512058488212311,36.52367294133489,38.88309736354648,24.898613670777618,19.906232985029163,0.008515627170165196,0.9779385893688427,1.0204144309517085,0,3
2025-03-04,2890.34,2927.42,2880.9,2914.17,0.008143553481420929,1,58.35798820566548,21.14381059074958,-10.565808577829898,31.70961916857948,2838.113722432497,2881.678,2925.2422775675027,3.0235354239788634,0.8729202205827225,2899.156012529875,2869.2217782251128,2811.951,2642.1507500000002,47.919375812743745,33.73682930568642,14.182546507057324,35.580496597497635,37.02828367314762,29.069344811943612,18.075534231975656,0.008675177738760123,0.9859024845729133,1.0287242304433775,1,3
2025-03-05,2914.29,2929.43,2894.6,2917.82,0.0012525007120380849,0,59.00937741445625,21.073345468453226,-8.509018960101002,29.58236442855423,2836.9095755929293,2890.038,2943.1664244070707,3.6766592278074355,0.7614607934458406,2902.5494647971705,2872.3571473718803,2817.6187999999997,2644.6968500000003,60.744473342002564,47.03980638636029,13.704666955642274,34.75395841451722,35.638815677926054,27.460969303250664,16.827715727963827,0.007734483641374598,0.987137328136841,1.0300127082744988,2,3
2025-03-06,2917.78,2926.35,2891.96,2909.92,-0.002707500805395835,0,56.93352791866198,20.147786236244883,-7.547662553847477,27.69544879009236,2860.9284291789386,2900.604,2940.279570821061,2.7356764881425546,0.6174022176267593,2903.8895621067754,2874.7805572188563,2822.8280000000004,2647.1346,65.9704161248374,58.21142175986123,7.758994364976168,33.875173622418096,34.727835109957866,25.583053795401277,16.201921070128613,0.007604902967446618,0.9844646530258742,1.0272239480372776,3,3
2025-03-07,2909.53,2929.97,2897.38,2907.14,-0.0009553527244735571,1,56.18450726229301,18.971262208317967,-6.979349265419518,25.950611473737485,2886.9449609600547,2907.936,2928.9270390399456,1.443707085709277,0.4810395283795741,2904.480550814634,2876.8682632047366,2827.7200000000007,2649.32895,64.06588643259634,63.59359196647876,0.47229446611758163,33.160053337584145,33.95700587605069,24.63871593237355,15.144945911854963,0.007587989248740827,0.983524142037458,1.0262425868398757,4,3
2025-03-09,2907.14,2916.66,2907.14,2916.19,0.003113025172506445,0,58.1162943729882,18.555224725374956,-5.916309398690025,24.47153412406498,2904.182793855971,2913.0480000000002,2921.9132061440296,0.6086549994390303,0.677209641205915,2906.60954157561,2879.4051494495925,2832.6448000000005,2651.60365,63.62429562201981,64.5535327264845,-0.929237104464697,32.496013073095476,33.185593347756786,24.143230466707493,14.840380503567479,0.007357224661930339,0.9865858774493883,1.0294373058458062,6,3
2025-03-10,2916.56,2917.92,2879.2,2884.32,-0.01092864319540221,1,49.790983876054966,15.475477697708811,-7.196845141084939,22.67232283879375,2880.162828070834,2907.0780000000004,2933.9931719291667,1.8516993303355644,0.07722729656170493,2902.5568976527716,2879.722236581877,2836.5558000000005,2653.8007000000002,56.68888166449924,61.45968790637179,-4.770806241872549,30.639111983372917,31.89958266047853,22.188760607296878,19.48050900759522,0.006776490574190143,0.9758038324131212,1.0181869528381813,0,3
2025-03-11,2885.4,2921.17,2881.7,2915.24,0.010720031064514135,1,56.32758308744768,15.352764468651458,-5.855646696113833,21.20841116476529,2880.59427233706,2906.562,2932.52972766294,1.7868345944755335,0.667092017303939,2904.8629162613584,2882.013705189498,2841.0478,2656.37395,58.88328998699597,59.732155757838335,-0.8488657708423659,29.030106072280066,30.763059572687773,21.049839439304602,17.890590941012093,0.007175523438220105,0.9862644798094619,1.0291019486020896,1,3
2025-03-12,2914.77,2940.16,2906.64,2937.73,0.007714630699359404,1,60.36905215337385,16.875735420601814,-3.466140595330785,20.3418760159326,2873.6556790075756,2912.124,2950.592320992424,2.641942512916634,0.8328193087117445,2910.838749668384,2885.608304854692,2846.4458000000004,2659.0057500000003,65.57314962034295,60.381773757279376,5.19137586306357,28.178966386491552,29.409039184932233,23.522797513531778,16.647920403784532,0.007216015186808847,0.9938731460430875,1.0370410900875457,2,3
2025-03-13,2938.08,2989.07,2933.01,2986.2,0.016499133684851897,0,67.37611425911834,21.743182913775854,1.121045518274606,20.622137395501248,2852.489803807117,2927.9359999999997,3003.3821961928825,5.153541347412156,0.8861294733205944,2924.540795183223,2892.0980916382605,2852.6754,2661.9590000000003,84.3367740576026,69.59773788831383,14.739036169288767,28.65354955477233,28.841827813526198,30.608279188816017,14.796806748985967,0.007650215800962634,0.9990398351326666,1.0541513696695848,3,3
2025-03-14,2986.01,3004.42,2979.14,2984.48,-0.0005759828544638079,1,66.92392212541057,25.171716614538127,3.639663375229503,21.532053239308624,2853.170704879461,2941.594,3030.017295120539,6.011930614526615,0.74250396878751,2935.4388324226366,2898.0582147583727,2858.4726000000005,2664.8397,91.46300964416258,80.45764444070271,11.005365203459874,29.407774256280845,28.7933703213862,32.15096121542772,14.038735965014252,0.0076570293180647205,0.9933631116821217,1.0535441965546455,4,3
2025-03-16,2984.48,2995.41,2984.14,2989.76,0.0017691524151610682,1,67.6418662849629,27.99222915371638,5.168140731526204,22.824088422190176,2894.602539955341,2962.6820000000002,3030.7614600446595,4.595799349687836,0.6988705549532644,2945.3154083457935,2903.97445896751,2863.9773999999998,2667.7953500000003,92.66753822103625,89.48910730760048,3.1784309134357756,30.108125764824468,29.3808376597984,31.379144142015992,13.701721589788733,0.007656044145657261,0.9951205224302861,1.0554080768144591,6,3
2025-03-17,2989.68,3002.69,2982.25,2999.5,0.003257786578186872,1,68.97949399386275,30.66001271969708,6.268739438005518,24.39127328169156,2931.3708904661353,2979.534,3027.697109533865,3.232929010634873,0.7072748229219009,2955.167152282922,2910.1373970986388,2869.9297999999994,2670.97235,92.15958446080101,92.09671077533328,0.06287368546773564,30.913550773404996,30.16066251484292,31.56892414992436,13.088048641852929,0.007647126135009675,0.9983624127119377,1.0588463710816154,0,3
2025-03-18,3000.44,3037.79,2998.7,3031.52,0.010675112518753194,1,72.93980877422777,34.955056679144036,8.451026717961977,26.50402996118206,2959.3646050194775,2998.292,3037.2193949805223,2.596638017946379,0.9267945493992844,2969.0494882314815,2917.9685327696943,2876.6319999999996,2674.19695,94.8654709474406,93.23086454309262,1.634606404347977,32.31650220833393,31.212313986579197,36.48607144813653,11.98273097470985,0.007935465935121188,0.9979359995259712,1.0701496752329849,1,3
2025-03-19,3030.87,3051.03,3023.77,3049.92,0.006069562463714595,0,74.92119376005816,39.389577653877495,10.308438154156345,29.08113949972115,2954.268682642487,3011.036,3067.803317357513,3.7706169808340446,0.8424857982553033,2983.753217643939,2926.481530655521,2883.4267999999997,2677.4643,97.49751782879808,94.8408577456799,2.656660083118183,33.83029606289324,32.371923418149116,37.206738331912305,11.268059872500068,0.007970540275503242,0.9996361884347252,1.0766450155323355,2,3
2025-03-20,3050.02,3056.93,3026.08,3046.45,-0.0011377347602561372,0,73.82338100345795,42.13822425625949,10.44566780523067,31.69255645102882,2968.6266935307035,3023.4300000000003,3078.233306469297,3.625240635258417,0.7100238241363808,2995.152632617768,2934.221431903552,2889.4718,2680.79125,96.65213165988347,96.33837347870737,0.3137581811760981,35.32853833482322,33.822520271578576,35.981456703237015,10.50450540620837,0.0074598046025751924,0.9965717239190953,1.0754200790737078,3,3
2025-03-21,3047.02,3047.2,2999.42,3023.17,-0.007641681301186587,1,66.75609461762438,41.954420605633004,8.209491323683345,33.74492928194966,2989.53422923857,3030.112,3070.6897707614303,2.6783017103942166,0.41446055476021265,3000.246699414538,2939.9600492000973,2894.8296000000005,2683.8590000000004,91.48744101512231,95.21236350126794,-3.72492248614563,35.398867875563866,34.61458196922855,32.327687010955465,15.103813998484686,0.007770170484589377,0.9889562404111315,1.0672020615645297,4,3
2025-03-23,3023.17,3039.61,3021.6,3024.85,0.0005557080812523818,0,67.00160090509362,41.466318935134495,6.177111722547863,35.28920721258663,3010.511672074194,3035.182,3059.8523279258056,1.6256242904580913,0.29059864888961773,3004.720026793713,2945.436820219446,2900.2430000000004,2686.75405,85.6861531536601,91.27524194288863,-5.589088789228526,35.464173877680174,35.3963561062517,31.0478739310892,14.5058727135243,0.006733902175792105,0.989505811385933,1.0677951143744704,6,3
2025-03-24,3024.98,3032.83,3002.49,3009.72,-0.005001900920706848,1,62.52336223776136,39.40440088633841,3.2921549390014206,36.11224594733699,2996.932764541419,3030.822,3064.711235458581,2.236306550406521,0.1886622003351044,3005.6291128312196,2949.5841221407723,2905.0182,2689.5733500000006,78.79742680845482,85.32367365907908,-6.526246850624261,34.64524551871602,35.022056697139945,28.967374538458166,17.754507451113177,0.006629615871072448,0.9845564013569169,1.0530823894947883,0,3
2025-03-25,3009.7,3035.49,3007.61,3020.78,0.0036747604428319924,1,64.3966881339446,38.2221642283198,1.6879346247862514,36.53422960353355,2998.258994483495,3024.994,3051.7290055165054,1.7676071765104475,0.42118946829095716,3008.3838195891794,2954.1774045833035,2910.0917999999997,2692.4668500000002,78.34918134248586,80.94425376820026,-2.595072425714392,33.95734157458411,34.710757726132144,27.759262551371226,16.650373931160537,0.006616915315955919,0.9881744102743604,1.0566971000804564,1,3
2025-03-26,3021.05,3031.8,3012.41,3021.18,0.0001324161309328442,1,64.46586931288293,36.892239049208,0.2864075565395581,36.60583149266844,3008.055867723391,3019.94,3031.824132276609,0.7870442642310014,0.5521704055095563,3010.7103978456917,2958.5001526747037,2915.669,2695.36895,77.56521241166432,78.23727352086833,-0.6720611092040087,33.31857362646163,33.98190957258882,26.523830312978767,15.90934528539671,0.006552370249678444,0.9883052605064558,1.0493123089747152,2,3
2025-03-27,3021.6,3059.03,3021.24,3055.42,0.011333320093473542,1,69.86398124645841,38.16124651230621,1.2443320157102065,36.916914496596,2992.0153349111956,3026.39,3060.764665088804,2.271661292087553,0.9222586594662592,3018.8394164192023,2964.7530460505295,2921.5246,2698.6221000000005,85.62982637749444,80.51474004388155,5.1150863336128936,33.458707873040126,33.708024723812116,30.40953812279517,14.548232834899116,0.006739982968603605,0.9988198873499116,1.0612045012503475,3,3
2025-03-28,3055.01,3086.44,3054.92,3084.98,0.009674611019107049,1,73.59357219714391,41.07865980661563,3.329396248015705,37.74926355859993,2976.054868515986,3038.416,3100.7771314840143,4.1048448589010915,0.8733415261390522,3030.8649770702564,2972.509623724689,2928.025,2702.12675,92.09258215238346,85.09587364718074,6.996708505202719,34.186246019372625,33.75240982291713,34.439328316577814,13.511536759311204,0.006925656513809676,0.9995269631031221,1.0714712420116699,4,3
2025-03-30,3084.98,3099.55,3084.98,3089.13,0.0013452275217342713,1,74.07859506131875,43.22730372886235,4.3824321362099425,38.84487159265241,2988.1453698182363,3054.2980000000002,3120.450630181764,4.331773139475187,0.7632699554371,3041.458617602937,2980.033518968258,2933.8876000000005,2705.6488,96.00857928285447,91.24366260424412,4.764916678610348,35.11304563131285,34.28587675217649,36.34201345349485,13.04866022929578,0.006814051901080821,0.9966382216773403,1.072912614615171,6,3
2025-03-31,3089.37,3126.57,3077.44,3120.34,0.010103168205934931,0,77.43529534885131,46.90778197302916,6.450328304301401,40.45745366872776,2999.164539111525,3074.2100000000005,3149.255460888476,4.882259890409284,0.8073470364087244,3055.8006871296757,2989.085550002564,2940.3452000000007,2709.1272000000004,95.35928789498658,94.48681644340816,0.87247145157842,36.432850231969205,35.309548125670915,38.40598571298154,11.604963158537611,0.0069227549503839666,0.9980074010816965,1.0837524312308975,0,3
2025-04-01,3120.25,3147.97,3101.27,3115.02,-0.001704942410121979,1,75.63728370363937,48.832398466629456,6.699955838321358,42.1324426283081,3040.7869348646514,3092.978,3145.169065135349,3.374809981535511,0.7111664127072107,3066.56783492428,2997.2103532282053,2946.7954000000004,2712.5487500000004,89.04883420714873,93.47223379499658,-4.423399587847854,37.97005411659333,36.54154987395309,39.16069772635518,10.424334573309038,0.0070225144226306125,0.9895329370991465,1.0819046957488192,1,4
2025-04-02,3113.8,3166.67,3103.75,3162.28,0.015171652188429086,0,80.06547355829402,53.55382280245203,9.137104139315142,44.41671866313689,3052.444756280582,3114.3500000000004,3176.2552437194186,3.975484047677248,0.8871239100296551,3083.970046756229,3007.8600078586437,2953.7742000000003,2716.2210000000005,91.06223565811366,91.82345258674965,-0.7612169286359887,39.64158086428293,38.03721554812607,37.94640994460202,9.083489062323133,0.0066492024440112036,0.9986136856698046,1.097366138043516,2,4
2025-04-03,3161.68,3163.8,3055.46,3112.7,-0.015678561038238392,0,66.42499665813384,52.68754474302568,6.616660863911029,46.07088387911465,3066.8025212114026,3119.8940000000002,3172.985478788598,3.40341555120768,0.4322490146804363,3089.1936746187325,3014.6238783193767,2959.2044,2719.4079000000006,81.74481489574863,87.285294920337,-5.540480024588362,39.068516645319775,38.51928538095655,30.63864247136467,15.9180348219104,0.00788276165939373,0.9829568600454104,1.0708928522280021,3,4
2025-04-04,3111.3,3134.52,3016.68,3035.07,-0.02493976290680111,0,51.601402122432866,45.21570244868235,-0.6841451443458482,45.8998475930282,3016.979363338714,3109.0820000000003,3201.1846366612867,5.924747990647168,0.09820911385965937,3079.3530065062355,3015.942982943933,2962.5301999999997,2722.263900000001,62.144258624017574,78.31710305929329,-16.172844435275714,37.24346561411176,38.44252323919734,24.999278911548167,19.045405578822656,0.010015959057315251,0.9584421490082642,1.0347970173985086,4,4
2025-04-06,3035.07,3035.15,2977.06,3000.42,-0.01141654063991937,0,46.60234506600869,36.08231372862838,-7.8540270915198604,43.93634082014824,2953.6163583918924,3085.098,3216.5796416081075,8.523660616817201,0.17798546259260284,3065.001550777829,3014.941500173357,2965.3813999999998,2725.0197000000007,33.78878771091958,59.22595374356193,-25.437166032642352,34.683315172880825,36.8759159091003,22.773959086460312,23.421321003391974,0.0097844258016637,0.9475000552630998,1.007846667517618,6,4
2025-04-07,3001.19,3053.86,2957.36,2980.85,-0.006522420194506107,0,44.00911247281247,26.95419078580926,-13.585720027471183,40.53991081328044,2904.44779890283,3058.264,3212.08020109717,10.059053181620033,0.24835550661176584,3049.7012688182235,3012.74204854927,2967.7966,2727.6368000000007,14.95266997793702,36.96190543762472,-22.0092354596877,32.76907838704868,35.006272000580225,19.645449155417097,23.008268313720183,0.009901557180707725,0.941320061768356,1.0079428950144722,0,4
2025-04-08,2981.31,3021.9,2969.92,2978.75,-0.0007044970394349814,1,43.7279187252677,19.327835878633778,-16.969659947717332,36.29749582635111,2910.0863915969267,3021.558,3133.0296084030733,7.378419239549486,0.30798698155852683,3036.801038124001,3010.5490131589945,2970.0272,2729.996750000001,11.253968593167794,19.998475427341464,-8.74450683417367,30.991572800204548,32.83744398654269,18.195488039589115,21.310109410174206,0.009893556649021341,0.9406569045716794,1.0072328022290151,1,4
2025-04-09,2977.7,3098.18,2974.02,3085.74,0.035917750734368425,1,58.334491132667374,21.66732606955202,-11.704135805439272,33.37146187499129,2926.2048077003838,3016.166,3106.1271922996166,5.965267979256872,0.8866889612149809,3045.699031192364,3015.4000445680917,2973.3892,2732.8951000000006,27.592247543515892,17.932962038206902,9.65928550530899,29.971330993214764,31.37020469013172,25.095176683375627,17.909821030038167,0.012762819508134664,0.9744431847966475,1.0434103389509561,2,4
2025-04-10,3085.14,3191.01,3078.7,3189.14,0.03350898001775904,1,67.19658636281663,31.50177193343916,-1.495751953241708,32.99752388668087,2865.573973088086,3046.98,3228.386026911914,11.907267321210778,0.8918282165703043,3071.779207339207,3026.6090739507954,2979.2066,2736.322600000001,56.91793724433071,31.921384460338132,24.996552783992577,30.39248767321535,30.692030236709947,32.83847859209343,15.500487926572344,0.014526637720831818,0.9994139786462592,1.078373955149187,3,4
2025-04-11,3188.49,3244.55,3185.21,3238.07,0.015342694268674295,0,70.4045139706891,42.75107542299793,7.802841229053648,34.94823419394428,2857.950923657615,3094.51,3331.0690763423854,15.288952134094586,0.803433717741224,3102.013896913896,3040.251714341067,2985.8515999999995,2739.9471500000004,86.09272460021604,56.86763646268754,29.225088137528502,31.35623185041154,30.66378142181315,36.91888211655842,14.398359008169262,0.014787609178518577,0.9980028047032716,1.0949191170503423,4,4
2025-04-13,3238.07,3238.07,3210.6,3223.9,-0.004376063519318629,0,68.32080150724576,49.947070174954206,11.999068784807939,37.94800139014627,2924.1023920321513,3143.1200000000003,3362.1376079678494,13.936318560401704,0.6844143965170553,3124.1750065659153,3052.099990835192,2991.7124,2743.5045,96.58431661769471,79.86499282074715,16.719323796947563,32.251137157808,31.321812415511676,35.655009270665964,13.90544877003195,0.014854039104151421,0.9936354810374319,1.0901276814456136,6,4
2025-04-14,3221.8,3245.23,3194.59,3212.34,-0.0035857191600235927,1,66.58933292295517,54.093595178054784,12.916475030326808,41.177120147727976,3068.0604713670264,3189.838,3311.615528632974,7.635342524164162,0.5923897875601454,3140.2050053721123,3062.438055942599,2998.3164,2747.1310000000003,93.04266536831089,91.90656886207388,1.1360965062370099,32.65505752474031,32.00564468757592,33.38598688652675,15.032474223378012,0.014729147874125506,0.9898651251221023,1.086218789731382,0,4
2025-04-15,3212.71,3250.8,3210.2,3250.51,0.01188230386571787,1,69.35132469762006,59.770746161360876,14.874900810906311,44.895845350454564,3175.414432734974,3222.792,3270.1695672650258,2.9401566880534546,0.7925224067009214,3160.260458940819,3074.571729752754,3005.7392,2750.8235000000004,93.76183812632112,94.46294003744224,-0.7011019111211141,33.098119647344994,32.6746284025765,32.36166085231849,14.249521519868338,0.01484181330877043,0.9999107911898609,1.0991255714556225,1,4
2025-04-16,3252.86,3357.01,3250.34,3349.52,0.030459835533500845,0,75.10118718432902,71.43574198974784,21.231917311434614,50.203824678313225,3145.196609564985,3254.868,3364.539390435015,6.738914784563609,0.9315254854732852,3194.6712845879424,3092.3103278332214,3014.746,2754.9925000000007,95.53391209599135,94.11280519687446,1.421106899116893,34.555194251122174,33.60512588793124,40.993793055943556,12.41930196277196,0.015831752090218972,0.997768847873554,1.132604755592826,2,4
2025-04-17,3349.87,3355.33,3276.44,3314.93,-0.010326852802789666,1,70.14978419760115,77.00158496652102,21.438208230566232,55.56337673595479,3151.195499917266,3270.2400000000002,3389.2845000827347,7.280474832595432,0.6877029176859939,3216.536505571953,3106.6728873278525,3022.3694,2758.9892500000005,95.8326064557214,95.04278555934462,0.7898208963767814,35.9081920974867,34.503155872415846,37.1893916880833,11.266737004692558,0.016220623745179866,0.9874650358503548,1.1209085129980794,3,4
2025-04-22,3471.1,3499.45,3317.94,3335.75,0.006280675610043085,0,71.3731865910105,82.14563191451634,21.26580414284924,60.8798277716671,3175.078417010803,3292.61,3410.141582989197,7.139113529339762,0.6835251381067722,3238.2116863770525,3121.452055887346,3030.3806,2763.0426500000003,85.7995698181157,92.38869612327615,-6.589126305160448,38.073598225681096,36.314396238401635,44.94178308742968,9.132016245507602,0.01618611456526328,0.9532212204775037,1.127948575756756,1,4
2025-04-23,3336.78,3385.47,3256.16,3315.57,-0.0060496140298282874,1,68.44506497417963,83.6299350001018,18.20008578274775,65.42984921735405,3237.320006426828,3313.2560000000003,3389.1919935731726,4.58376856923656,0.5152365162495047,3252.2768343084977,3133.975794217195,3037.8758000000003,2767.0813000000003,75.11742754372278,85.58320127251996,-10.465773728797174,38.7525277447469,37.330359921116795,39.319369256448624,13.966630467731695,0.01629943224700491,0.9474546000085728,1.121124922227933,2,4
2025-04-24,3313.55,3369.54,3307.35,3348.64,0.00997415225737952,0,70.57546586790016,86.47786550875117,16.83841303311769,69.63945247563348,3298.891667845941,3332.8820000000005,3366.87233215406,2.039696104096071,0.7318012064221224,3269.7974098887707,3147.825097816086,3046.1387999999997,2771.2276500000003,69.35379733992511,76.75693156725453,-7.403134227329417,39.38296229816515,38.72828026192312,36.9266820658543,13.11672421420182,0.016304845714851485,0.956904656446013,1.1323071929017772,3,4
2025-04-25,3347.79,3361.92,3265.88,3318.62,-0.008964833484638501,1,66.20577140002025,85.32888951970062,12.551549635253707,72.77733988444692,3296.8530087282033,3326.702,3356.550991271797,1.7945094734543026,0.3646185405997841,3278.674244454449,3158.844123763435,3053.787,2775.305850000001,68.30046671216957,70.92389719860581,-2.6234304864362485,39.12178713165384,38.93715743820037,33.5330218870771,15.879612233152605,0.01656194548207811,0.9483261655402992,1.1221562474639541,4,4
2025-04-27,3318.62,3330.95,3318.62,3330.95,0.0037153997746051104,1,67.10660200013457,84.43987540269973,9.330028414602253,75.10984698809747,3303.0899652457056,3329.9060000000004,3356.7220347542952,1.6106181228115646,0.5194659652250079,3288.1789272809124,3169.9477286819233,3061.4098,2779.445200000001,69.0004318902858,68.88489864746015,0.11553324282564859,38.87926733417906,39.1311148161721,33.11228286110901,15.680370643586757,0.016493793832646323,0.9518495763619997,1.1263255065328535,6,4
2025-04-28,3288.37,3352.69,3270.82,3337.66,0.002014440324832334,0,67.61256788516587,83.31634724376408,6.565200204533284,76.7511470392308,3303.0053630317097,3330.288,3357.5706369682903,1.638455110686539,0.635104242463221,3297.17548595711,3180.767875218574,3069.7968,2783.6505500000003,68.0098255125322,68.43690803832918,-0.42708252579697614,37.714165950065514,38.41797654085968,30.386062663032668,19.196373790929886,0.016454135936798214,0.9537670205317978,1.1285944220521005,0,4
2025-04-29,3337.39,3338.41,3300.48,3316.78,-0.006255879867931302,0,64.29817636945782,79.8209750708802,2.455862425319509,77.36511264556069,3303.886126408807,3330.53,3357.1738735911936,1.5999779969670513,0.24196694874455485,3300.739943055817,3189.542851010924,3077.7472,2787.7674,64.65735875480934,67.22253871920911,-2.565179964399775,36.63228609338864,37.75577671378385,29.187100449294338,18.438930252707923,0.016357317887278563,0.9478003686293561,1.1215340709281252,1,4
2025-04-30,3316.29,3327.25,3267.93,3272.54,-0.01333823768836051,0,57.82977195103699,72.64367806852533,-3.777147661628277,76.42082573015361,3264.4521392511956,3315.31,3366.1678607488043,3.0680606488566284,0.0795143624773335,3295.612680682032,3194.8975057844127,3085.6776,2791.6519000000003,51.19453597148162,61.28724007960772,-10.0927041081261,35.0050288773254,36.359597413695454,27.36831249156109,20.70924185094243,0.016228186142110287,0.9351583820314622,1.1065747829144912,2,4
2025-05-01,3272.3,3275.93,3202.41,3237.21,-0.010795895542911604,1,53.22481209186606,63.374243914901854,-10.437265452201416,73.81150936710327,3213.297851977579,3299.028,3384.7581480224208,5.197297387134694,0.13946172130816498,3284.9940114671167,3197.6273441209023,3093.28,2795.25215,32.785239449211666,49.54571139183421,-16.760471942622544,32.6016184868569,34.61695229012277,25.266807042522085,25.96212889146624,0.015241675063429307,0.9250625098229722,1.0946283171477262,3,5
2025-05-02,3237.46,3268.51,3222.72,3240.61,0.0010502871299669092,1,53.60767253127931,55.66087819437189,-14.520504938185098,70.18138313255699,3190.8986664547556,3280.96,3371.0213335452445,5.489937917270827,0.27598599525661516,3276.924191200368,3200.4004186937473,3100.6826,2798.97145,18.95550058892067,34.31175866987132,-15.356258080950646,30.36988026713615,32.68745457223078,24.02923016563819,24.690494911886407,0.014856561527352664,0.9260340910714542,1.095777991181324,4,5
2025-05-04,3240.61,3251.52,3238.05,3247.64,0.002169344660418737,1,54.43807401814942,49.54412866182747,-16.50980357658362,66.0539322384111,3196.7317135187595,3262.9559999999997,3329.18028648124,4.059159025205375,0.3843626650146055,3271.599792800301,3203.4481336167314,3107.8228,2802.7262499999997,14.76751558174693,22.169418539959754,-7.401902958212824,28.29755192025259,30.449585203554747,23.66206947065784,24.313230255101,0.014659568321256323,0.9280429781822858,1.093510936321517,6,5
2025-05-05,3247.36,3337.02,3241.36,3334.18,0.026647042159845258,1,63.176175726668696,51.09067385813205,-11.970606704223236,63.061280562355286,3185.807597312429,3266.4359999999997,3347.0644026875702,4.936781414824631,0.9201000996044993,3282.978012291155,3211.8824475769425,3116.223,2806.8637,24.894462645266977,19.539159605311525,5.3553030399554515,27.473736770332508,28.92180851873433,30.53818045849224,21.769283982577214,0.015415045837434053,0.9527725785480575,1.12110207732295,0,5
2025-05-06,3333.12,3434.17,3323.4,3400.32,0.019836961411801468,0,68.19640167454376,56.996250022095865,-4.852024432207543,61.84827445430341,3146.6542544555377,3291.9919999999997,3437.3297455444617,8.829775135812117,0.872676759207265,3304.312919147309,3224.0397090235915,3125.873,2811.2725,42.071774845138734,27.244584357384213,14.827190487754521,27.775994099611133,28.036773009931863,37.136258611885395,19.256684584856295,0.014124824562642559,0.971672691422938,1.104466170786371,1,5
2025-05-07,3399.38,3400.94,3360.12,3374.94,-0.007464003387916418,0,64.5592218584015,58.94898063463597,-2.3194350557339476,61.26841569036992,3173.9067777983564,3319.538,3465.1692222016436,8.774186179019104,0.6902133318749789,3317.1542065750705,3233.775211667231,3135.1734,2815.5877,56.35716850704737,41.10780199915102,15.249366507896347,28.056661619655568,27.76519919499404,35.50972893483779,18.41326173803269,0.012661649632031672,0.9644201231622113,1.059565931288675,2,5
2025-05-08,3376.35,3413.73,3289.59,3313.4,-0.018234398241153915,1,56.66724235666616,54.89794073694338,-5.096379962741231,59.994320699684614,3215.9570059296966,3334.096,3452.2349940703034,7.086718203093336,0.41240826044411755,3316.471623561421,3238.9122947854744,3143.2985999999996,2819.3648999999996,57.533511794956354,51.98748504904748,5.5460267459088755,27.082121617731488,27.42905785867131,31.055022256520125,23.23075764842137,0.01314339245464532,0.9468345025646888,1.0371910010361267,3,5
2025-05-09,3316.19,3346.77,3275.74,3324.44,0.0033319249109675653,0,57.66701853075296,51.979115281635586,-6.412164334439225,58.39127961607481,3276.0000790681797,3349.456,3422.9119209318205,4.386140372157174,0.32972101035109763,3317.920419277526,3244.4302112509276,3151.4636,2823.1001999999994,52.8755841047463,55.58875480225001,-2.713170697503706,25.956410461438423,27.006536040546997,28.8266836003655,22.96297300416408,0.013083167180977896,0.9499892840303477,1.0406468435699103,4,5
2025-05-11,3324.44,3324.65,3265.2,3286.67,-0.011361311980363609,0,53.14903701458606,46.08694017811331,-9.843471550369202,55.93041172848251,3246.932185784502,3339.954,3432.9758142154983,5.570245231850386,0.21359406151464527,3312.23852486343,3247.155358912158,3159.5106000000005,2826.6387499999996,45.633413876423944,52.01416992537553,-6.380756048951589,24.738867743498368,25.910494680614928,27.075542110185424,22.645034774668257,0.013358550780984529,0.9391961593964766,1.0263114342011173,6,5
2025-05-12,3285.17,3289.13,3207.83,3236.4,-0.015295116333553405,1,47.78318568209301,36.93521392688535,-15.196158241277729,52.13137216816308,3205.3933739999925,3307.1700000000005,3408.9466260000086,6.15490742840604,0.15232685155039996,3298.449702160988,3246.4614647887934,3165.9338,2829.902849999999,34.55873892532511,44.355912302165116,-9.797173376840007,23.21179085604947,24.584100658743946,24.852160184623582,26.580179467524996,0.013597921852312561,0.924831044878481,1.0106138814205552,0,5
2025-05-13,3236.81,3264.64,3217.0,3254.06,0.005456680262019509,0,49.70424623485967,30.752918841998508,-17.10276266093166,47.85568150293017,3207.734542654444,3282.994,3358.2534573455564,4.58480626803194,0.3077716673723225,3290.3788472226265,3246.951692866936,3172.2604,2833.3039999999996,24.436198366125932,34.876117055958325,-10.439918689832393,21.79379088913263,23.2663293163155,23.627754733079705,25.270638711257526,0.011646924066835068,0.9298775521867723,1.0161284782398257,1,5
2025-05-14,3253.0,3254.41,3168.96,3185.6,-0.021038333650885366,1,43.0865968490245,20.09758316190755,-22.206478672818093,42.304061834725644,3152.751220518607,3257.4339999999997,3362.1167794813923,6.427315456361822,0.15689676775936023,3271.328147727603,3242.9935191335853,3176.2484000000004,2836.4362499999993,14.40876418259737,24.46790049134947,-10.059136308752102,21.1578737201323,22.184832288090885,21.574569005818127,27.960052564231994,0.012307514153237336,0.9103144779893984,1.0052509340603857,2,5
2025-05-15,3184.0,3251.46,3121.66,3236.99,0.01613196885986934,0,48.61699233853454,15.619840584492522,-21.347377000186498,36.96721758467902,3166.7515350876106,3239.9440000000004,3313.1364649123902,4.518131480815089,0.4798203271092419,3265.084848140766,3242.606195318516,3181.2986,2839.685449999999,21.821559259428025,20.222173936050442,1.5993853233775823,21.15645401767599,21.47512245340431,18.889402008215328,29.015549684104545,0.01283850127146156,0.942582923967072,1.036945086908888,3,5
2025-05-16,3237.39,3243.28,3155.45,3200.85,-0.011164693125403469,1,45.2843837408092,9.050670866181918,-22.333237374797683,31.3839082409796,3165.9544406102955,3222.78,3279.605559389705,3.5264932381176948,0.30704105480417476,3253.405784842445,3239.9122472334507,3185.5204,2842.5809999999997,22.83956046546283,19.689961302496073,3.1495991629667586,21.155135722537988,21.156504721335146,17.318688274293965,26.602814629480832,0.012985613880568845,0.9320592748757341,1.0253679132256557,4,5
2025-05-18,3244.46,3244.5,3227.11,3234.71,0.010578440101848052,0,48.823922762168245,6.501826547093515,-19.90566535510887,26.407491902202384,3166.002709785178,3222.442,3278.881290214822,3.5028894369439074,0.6086831527585213,3250.0065512347273,3239.5766183796795,3190.2245999999996,2845.6450999999993,32.8064168613271,25.822512195405984,6.983904665921116,21.129475743366605,21.142964880521298,16.6998564467288,25.46931309456129,0.01301482572299614,0.941919008086379,1.03621470627807,6,5
2025-05-19,3234.26,3248.89,3206.81,3222.32,-0.0038303279119302758,1,47.61024100154402,3.442397789435745,-18.372075290213314,21.81447307964906,3171.549360367903,3216.094,3260.6386396320972,2.7701080647578826,0.569884951942836,3244.972632828413,3238.463288161636,3194.0406,2848.6258499999994,31.241666933324833,28.96254808670492,2.2791188466199124,21.378154585423072,21.26664515398053,15.9924239824824,26.43397679375252,0.012913165064419266,0.938311149418928,1.0322456641658606,0,5
2025-05-20,3223.09,3303.53,3204.3,3290.23,0.021074877727848218,1,54.313784702943046,6.423501779425806,-12.312777040178602,18.736278819604408,3170.9821320759693,3237.02,3303.0578679240307,4.080164343997301,0.9028749085389332,3253.2012450414286,3241.803076022176,3198.8468,2851.78685,40.77522852602054,34.941104106890826,5.834124419129715,20.518577547585373,20.82402664547599,19.787414099371624,23.866465842391904,0.013825727743862657,0.9580859421636087,1.0540001153232577,1,5
2025-05-21,3288.66,3324.48,3284.71,3320.01,0.00905103898511661,0,56.91716698196291,11.061534799737728,-6.1397952158933435,17.201330015631072,3154.2767548446845,3253.6240000000003,3352.971245155316,6.106866998480199,0.8341109252511966,3265.348291397532,3246.848684020745,3204.318,2855.1031,49.87360404467062,40.630166501338664,9.243437543331957,19.344312833068013,20.361233709245543,21.110786071019383,22.906181641737373,0.0139823772458832,0.9667576153772236,1.0635399114573658,2,5
2025-05-22,3320.03,3344.98,3280.13,3299.54,-0.006165644079385357,1,54.613444485327534,12.93632950454321,-3.4120004088702913,16.3483299134135,3188.2437535427994,3273.362,3358.480246457201,5.200661977330996,0.6537743144953224,3271.56496568889,3250.2481237613424,3209.8454,2858.2379499999993,59.43795033148823,50.0289276340598,9.409022697428433,18.030243252225873,19.274410399905623,21.80375828350916,21.394524234924624,0.013980325367734123,0.9607969320097723,1.0569825028990987,3,5
2025-05-23,3299.31,3365.8,3289.12,3355.71,0.017023585105802708,0,59.462080755916695,18.738560917088307,1.9121848029398443,16.826376114148463,3199.5613271454386,3297.562,3395.5626728545612,5.943825945020069,0.7966714324823827,3286.864062836364,3257.05211577674,3216.4626,2861.7266499999996,68.16935875467904,59.160304376945966,9.009054377733072,17.16499139897581,18.254652116021912,22.218339050451494,19.736018326598337,0.01412266196618629,0.9771531403512348,1.0749761344925457,4,5
2025-05-25,3355.1,3357.26,3341.35,3342.25,-0.004011073662503639,1,57.86676410436773,21.99719167145213,4.13665244584293,17.860539225609198,3266.202271348687,3321.5480000000002,3376.8937286513133,3.33252619870693,0.6870243694000823,3296.934233229752,3262.548753468563,3223.1132,2865.1205,77.13066753633858,68.24599220750194,8.884675328836636,16.361543249529326,17.1958932508776,21.84003543893886,19.399980290952282,0.013895203705580193,0.9732337071257392,1.0706643260316626,6,5
2025-05-26,3343.03,3355.99,3323.6,3345.93,0.0011010546787342257,0,58.196982957860044,24.593130961378847,5.386073388615717,19.20705757276313,3287.341374106293,3332.688,3378.034625893707,2.721324402026647,0.6460086581859382,3305.842554460706,3267.928188728656,3229.6162,2868.67245,87.450007212907,77.5833445013082,9.866662711598792,15.257936839884739,16.211464119430275,21.054092745241405,20.673928144392974,0.013895085451289242,0.974305290652472,1.0718431859971937,0,5
2025-05-27,3345.2,3349.61,3286.38,3308.64,-0.011144883485308954,0,53.61170256817812,23.372022075009227,3.3319716017968766,20.04005047321235,3280.9363715206155,3330.414,3379.891628479385,2.971259938216975,0.27996115952614165,3306.3511809223955,3270.5547571977754,3235.3654,2871.91405,86.2674421779852,83.61603897574358,2.6514032022416245,14.798083610123985,15.579813429826656,19.573286578897967,23.35999874833955,0.014186884676236435,0.96344677170903,1.0598976185747326,1,5
2025-05-28,3308.9,3325.06,3252.18,3259.78,-0.01476739687605777,1,48.24771302796518,18.251301185973716,-1.4309994297909086,19.682300615764625,3243.926515790984,3322.462,3400.997484209016,4.72754747587879,0.10093198233058188,3297.88369348196,3269.859611572113,3239.4526,2874.9126499999998,75.00750935255722,82.9083195811498,-7.900810228592576,14.938418759845296,15.098177799865017,18.001677512963752,25.252233620421926,0.013241358103813558,0.9492191708622463,1.044245689793251,2,5
2025-05-29,3259.11,3330.25,3245.25,3315.15,0.016985808858266394,0,53.87929031220223,18.4483283961481,-0.987177775693219,19.43550617184132,3245.163040246408,3314.3500000000004,3383.536959753593,4.1749941770538666,0.5057814362912383,3301.0230219397854,3272.781572115848,3244.056,2878.2106499999995,70.80500259413995,77.35998470822746,-6.554982114087508,15.179641416748819,14.988862513436402,16.352524942711742,23.68574949342176,0.013018180995097274,0.9711224965067536,1.061983047481148,3,5
2025-05-30,3314.2,3322.21,3271.85,3289.2,-0.007827700104067747,1,51.07418317066535,16.322371613279756,-2.4905076468492524,18.81287926012901,3239.8800955219476,3303.7400000000002,3367.599904478053,3.8659158697750193,0.3861570486298055,3298.873381587097,3273.840825527729,3248.0574,2881.3914,68.15078779935008,71.32109991534908,-3.170312115998996,15.403633883873518,15.171026321859408,15.449472457479672,22.377726725099862,0.013027661136360499,0.9635208408397852,1.0536701626698615,4,5
2025-06-01,3289.08,3315.8,3288.45,3310.26,0.006402772710689675,1,53.20352983142433,16.15072602427199,-2.129722588685617,18.280448612957606,3250.9318068495286,3296.606,3342.280193150472,2.7709828320685963,0.6494717154063071,3300.9436758439883,3276.1904496872307,3251.8558000000003,2884.69045,73.82488451415105,70.92689163588035,2.897992878270699,15.611626889060739,15.39563415290478,14.966087917130125,21.677570316727273,0.012486247130922465,0.9834987224434013,1.060416573233472,6,6
2025-06-02,3310.27,3390.94,3301.8,3387.26,0.023261012730117825,0,60.049668815496304,21.97464214656793,2.9553548268882572,19.019287319679673,3217.867088759951,3312.3300000000004,3406.7929112400498,5.703713774898598,0.8966106856985783,3316.6375529632633,3283.356227126764,3257.3006,2888.41255,80.08307880288099,74.0195837054607,6.063495097420287,14.892655985302586,15.148144934588052,21.826294588188606,19.53252054131754,0.013516609610011545,0.9989147552006229,1.0850829366426837,0,6
2025-06-03,3387.25,3388.02,3333.65,3359.71,-0.008133417570543755,1,56.845298299756614,24.08939532333443,4.056086402923803,20.033308920410626,3252.2572558183438,3332.3160000000003,3412.3747441816568,4.804991134193545,0.671086870522486,3324.4689069699425,3288.282276989554,3261.2491999999997,2892.1013000000003,84.96397639813604,79.62397990505602,5.339996493080022,14.22504014609859,14.918333517579665,20.494217097351395,18.340434049161203,0.013379527883037695,0.9907901643791986,1.0762575040202969,1,6
2025-06-04,3359.57,3384.24,3344.49,3377.58,0.005318911453667141,0,58.39609145746581,26.897257267257828,5.49115867747776,21.40609858978007,3258.871448506699,3344.802,3430.7325514933013,5.138154754350255,0.6907237846748547,3334.125469339044,3294.0434204095827,3266.5467999999996,2895.9483999999998,91.3791255893699,85.47539359679564,5.903731992574265,13.605111152552018,14.248883568927301,19.554579383970175,17.499544961741513,0.012825745148821417,0.9960600895326959,1.0819820223855257,2,6
2025-06-05,3378.24,3403.18,3340.03,3361.45,-0.004775608571817691,0,56.42506557195469,27.50390400660308,4.878244333458408,22.62565967314467,3299.875062726832,3359.252,3418.628937273168,3.5351284912931864,0.5185088697812739,3339.0935658228536,3298.3922319960616,3273.0743999999995,2899.5938,83.2286627237238,86.52392157040991,-3.29525884668611,13.432252122200914,13.828646134149752,20.313768078541028,16.226687196197386,0.012893537564582641,0.9877379392215516,1.0768148997648688,3,6
2025-06-06,3361.71,3374.99,3306.6,3309.47,-0.015463564830653476,1,50.50862282622864,23.51920952595765,0.7148398822503808,22.80436964370727,3299.06461286385,3359.094,3419.12338713615,3.574141547461907,0.08666911018556445,3333.707462945971,3299.1069267059934,3279.2554,2902.8569,69.02744027972909,81.21174286427426,-12.184302584545165,12.483269012912935,13.044190082732477,18.725275234652134,18.780216501482528,0.012427867462733574,0.9724639895627031,1.060163502751741,4,6
2025-06-08,3309.47,3320.75,3308.9,3317.97,0.002568387083128121,1,51.405926069906656,20.80733539410221,-1.5976273996840469,22.404962793786257,3285.728300330605,3345.236,3404.7436996693946,3.5577579381182494,0.2709035960768014,3330.8461060467034,3300.3238991765747,3285.9978,2906.1663499999995,53.42873424935091,68.56161241760127,-15.132878168250357,11.602070411431239,12.517161266816077,18.45597166040269,18.510122771716233,0.011976988017501779,0.9749616535123032,1.0515045397645344,6,6
2025-06-09,3317.85,3337.9,3294.02,3326.64,0.002613043517572411,1,52.354811125610794,19.13715098431112,-2.614249447580111,21.75140043189123,3279.8108116091557,3338.622,3397.433188390844,3.5230815822123085,0.39813162828499005,3330.081359492757,3302.0217121329247,3292.9556,2909.5530499999995,46.08159733215131,56.1792572870771,-10.097659954925788,11.171848289305084,11.827558651109008,19.57484838616348,17.506115957625077,0.011612761598610636,0.9775092707408953,1.0381799456979683,0,6
2025-06-10,3324.1,3348.43,3302.31,3327.61,0.00029158550369157155,1,52.46664312841998,17.687893671975417,-3.2508054079326527,20.93869907990807,3289.094544801344,3328.628,3368.1614551986563,2.3753603706185342,0.4871248288963795,3329.632021403165,3303.6725694146717,3297.7929999999997,2912.8893999999996,49.9102978112666,49.80687646425627,0.10342134701033245,11.018024393692349,11.310047402561793,19.763239897528717,16.49349388890258,0.011438995548198657,0.9777942982739674,1.038482663920357,1,6
2025-06-11,3327.73,3372.92,3319.75,3365.15,0.011281370112483202,1,56.702285104965554,19.34550810052133,-1.274552783509396,20.620060884030725,3286.7448973449364,3329.3680000000004,3371.9911026550644,2.560432049269653,0.919748889347318,3336.0898356934986,3307.6388552588865,3301.3131999999996,2916.3456499999993,59.86829608054209,51.95339707465333,7.914899005888756,11.418515110695987,11.295181700000535,21.525210176538792,15.388366948517966,0.011568224360589465,0.9888251576466717,1.05019817120744,2,6
2025-06-12,3365.5,3398.66,3339.21,3395.71,0.009081318811940076,1,59.83962975795508,22.861581990687228,1.7932168853252008,21.068365105362027,3280.7783821820476,3346.616,3412.4536178179524,3.934578560429543,0.8728415579657658,3346.929865567408,3313.320864597023,3304.466,2919.8564499999998,74.44648472952164,61.40835954044344,13.038125189078201,12.3052484867295,11.661636440210923,23.150623858276923,14.239513735723897,0.01082728594881331,0.997804994152528,1.0463631461366614,3,6
2025-06-13,3392.64,3446.3,3391.9,3433.0,0.010981503131892945,0,63.331177137543385,28.330510742347997,5.809716509588775,22.520794232759222,3278.354185958351,3369.622,3460.8898140416486,5.417095095037293,0.84720892937722,3362.578980918788,3321.0420991391507,3308.648,2923.4187999999995,88.1914992617302,74.16876002393131,14.022739237798888,13.928322927991836,12.67341901934391,27.56544862720024,13.26369686751849,0.010905207027329339,0.9961407886719089,1.0578537863030584,4,6
2025-06-15,3432.85,3432.85,3432.85,3432.85,-4.369356248179468e-05,0,63.30733430668995,32.28046334558803,7.807735290263047,24.472728055324986,3300.177569262324,3390.8640000000005,3481.550430737677,5.348868650448755,0.7314899795838807,3375.3555298426445,3328.2555120979155,3313.0582000000004,2926.9659999999994,93.64828032585682,85.42875477236954,8.219525553487273,15.435463480592576,13.870355983661039,27.559840383166545,13.260998342643092,0.01075679772783744,0.9960972637321184,1.0578075649025498,6,6
2025-06-16,3439.04,3450.97,3381.6,3402.67,-0.00879152890455448,0,58.532584518559105,32.59976566042724,6.5016300840818,26.098135576345438,3348.994182870637,3405.876,3462.7578171293635,3.3402165627499825,0.47181876246403226,3380.3217971439817,3333.056446801276,3316.1014000000005,2930.3730499999997,85.31845515835901,89.05274491531533,-3.734289756956315,15.340308538197984,14.63431573309491,25.02420265403782,18.83816400310768,0.01040701011888154,0.9860039351254866,1.0485078191202526,0,6
2025-06-17,3401.65,3402.77,3367.53,3386.98,-0.004611084824564293,0,56.16109845797636,31.22680005911434,4.102931586215121,27.12386847289922,3367.3621319971953,3410.2420000000006,3453.121868002806,2.5147698024248903,0.2287538292039663,3381.5323794814394,3336.5353857173227,3316.8505999999998,2933.57515,73.9332297157514,84.29998839998908,-10.36675868423768,14.894891338286499,15.165177409439536,23.825000725056533,19.848739166063776,0.010422300014021516,0.9814573873432688,1.0436730606270703,1,6
2025-06-18,3386.7,3398.81,3362.99,3374.59,-0.0036581261182527802,0,54.290503368859945,28.80687772122974,1.3464073986644145,27.460470322565325,3353.014620108353,3406.0180000000005,3459.021379891648,3.112337039419489,0.20352834041671253,3380.270128666632,3338.990522122657,3318.0438,2936.84155,60.28148489892052,73.17772325767697,-12.896238358756456,14.364428777793648,14.852368657995816,22.63749736304951,19.491154593978496,0.010467288371249652,0.9778670924406762,1.0398551729450736,2,6
2025-06-19,3374.87,3385.83,3347.57,3368.31,-0.0018609668137463675,0,53.321074147098535,26.08167500384161,-1.1030362549789707,27.18471125882058,3341.4441210015825,3393.08,3444.7158789984173,3.043599266649617,0.260147396728163,3378.095559818153,3340.8821013405504,3318.6949999999997,2940.01465,52.632473186789944,62.28239593382062,-9.649922747030672,13.472711671364186,14.183801504825343,21.40999440683197,20.619673042426072,0.01012495638839748,0.9760473142333895,1.0379200369771204,3,6
2025-06-20,3367.64,3373.55,3340.3,3367.09,-0.00036219944126281156,1,53.122621631620056,23.551995666813127,-2.906172473605963,26.45816814041909,3350.0078449211896,3379.9280000000003,3409.848155078811,1.7704610914084968,0.28546234191994546,3376.0945489421247,3342.5729335121277,3319.7254,2943.11445,48.40819793989605,53.774052008535506,-5.365854068639457,12.563240985205972,13.46383488149981,20.375940533357422,20.679803151379247,0.009437612901145212,0.9756937904415282,1.037544102919652,4,6
2025-06-22,3367.09,3393.09,3367.05,3373.22,0.0018205631569099268,0,54.048058737614696,21.790657204277068,-3.7340087489136202,25.524665953190688,3358.240725553423,3374.038,3389.835274446577,0.9364016911829044,0.4741094578445631,3375.57190367992,3344.5501636081194,3320.2169999999996,2946.3013000000005,48.11723478814913,49.71930197161171,-1.6020671834625801,12.111607481010621,12.792159576187403,22.515428907779626,19.870395801799802,0.008723941733238334,0.9774701026088317,1.030982471690328,6,6
2025-06-23,3373.09,3393.09,3342.96,3344.13,-0.008623807519224869,0,49.09484139718145,17.841794793979716,-6.14629692736878,23.988091721348496,3340.7835417328834,3365.4680000000003,3390.1524582671173,1.4669257450742037,0.06778472168406255,3369.855193919934,3344.5230562785637,3320.7271999999994,2949.3005000000007,42.981841350748724,46.5024246929313,-3.520583342182576,11.440074509708477,12.001657747457225,20.825539038187227,21.98578846795876,0.00876758944636658,0.9690405885881361,1.0169319892350501,0,6
2025-06-24,3344.82,3357.42,3296.06,3324.0,-0.00601950283033259,1,45.956237653473224,12.938819460624018,-8.839417808579586,21.778237269203604,3313.710631609717,3355.3500000000004,3396.9893683902837,2.4819687001524953,0.12355336773893115,3361.5178859344915,3343.19898813156,3320.5881999999997,2952.047000000001,33.83030689179147,41.64312767689644,-7.812820785104968,11.859730034619554,11.985668757815088,18.950653737914305,26.887675975505957,0.00879458951631933,0.9632074460224227,1.009101341218329,1,6
2025-06-25,3324.31,3339.55,3312.0,3338.94,0.004494584837545057,0,48.58344936223589,10.141800957731448,-9.309149049177726,19.450950006909174,3308.7004666504276,3349.476,3390.2515333495726,2.434741037079977,0.3708048781401099,3357.4128157645837,3342.9242147037176,3320.6138,2954.8160000000007,26.236526284394337,34.349558175644844,-8.113031891250507,12.249410164894126,11.844742337301302,18.1601240239262,25.76605204143576,0.007034561488137764,0.9675366636047257,1.0136368328061154,2,6
2025-06-26,3339.06,3349.56,3310.03,3317.42,-0.006445159242154719,0,45.176698766638594,6.118133458796365,-10.666253238490249,16.784386697286614,3296.1074920605433,3339.542,3382.9765079394565,2.601225433874261,0.2453407319494015,3350.1413947164774,3341.278781497026,3320.6266,2957.6717500000004,20.190288308412814,26.75237382819954,-6.562085519786727,12.31102970355426,12.085379869086907,18.593849037215435,24.205771048802266,0.00695022341412319,0.9613007357351702,1.0071037820049666,3,6
2025-06-27,3319.6,3321.63,3256.04,3273.53,-0.013230160787599976,0,39.14744679149068,-0.6052314871940325,-13.911694547584519,13.306463060390486,3263.726332547395,3319.6040000000003,3375.4816674526055,3.366526094835723,0.087724379877887,3336.2120502225725,3336.907892368186,3320.6464,2960.3598500000007,16.813897284433246,21.080237292413464,-4.266340007980219,13.437332874100976,12.843371519497552,16.77833617516544,29.879524860451347,0.007343855987357195,0.9485825724361557,1.0053715556319949,4,6
2025-06-29,3273.46,3278.3,3246.11,3263.08,-0.0031922725620355807,1,37.852133856748516,-6.699546114539771,-16.004807339944207,9.305261225404436,3237.046949425427,3303.3940000000002,3369.7410505745734,4.016902045264545,0.19618845411456573,3322.9153138184683,3332.1448025379805,3321.1638,2962.984250000001,10.348269689961315,15.78415176093579,-5.4358820709744755,14.652680798971055,13.481855251262658,15.954968145258013,29.927055505031994,0.0073155934912300675,0.9455544383173426,1.0052277957308902,6,6
2025-06-30,3264.07,3313.73,3260.26,3312.12,0.015028745847481595,1,46.75568676842534,-7.485923146055029,-13.432947497167572,5.947024351112543,3237.573220230936,3301.0180000000005,3364.462779769065,3.843952366758651,0.5874934079715468,3320.9525294878376,3330.8528797935946,3322.594,2965.86315,16.49272095557559,14.551629309990048,1.9410916455855407,14.732827459308032,14.085080166704504,20.01472504845282,27.511928197936957,0.007419879975907949,0.9597649356557721,1.0203351087917538,0,6
2025-07-01,3312.47,3357.43,3309.4,3338.14,0.007855995555716477,1,50.784529182151566,-5.941051325777607,-9.51046054151212,3.569409215734513,3237.8891435712458,3300.858,3363.8268564287546,3.815302350404313,0.7960352316560021,3324.0775241264123,3331.323016581105,3324.404,2968.82655,28.476357837872953,18.439116161136617,10.037241676736336,13.73204611121778,14.192363455094418,25.153894763195975,25.51970167199991,0.0076056091949434565,0.9673048447248165,1.0283508568717634,1,7
2025-07-02,3337.46,3364.85,3327.74,3349.01,0.003256304409042343,0,52.40476223207347,-3.795854870281346,-5.892211268812687,2.096356398531342,3230.953913175086,3307.1760000000004,3383.3980868249146,4.609496853201292,0.7744217702678132,3328.6107015579737,3332.46411228555,3324.7005999999997,2972.25225,47.609671226898605,30.859583340115712,16.750087886782893,12.866694125220837,13.799760792264435,24.860697062693493,24.06943887665087,0.007617121148502077,0.9704546837555819,1.0316994803010373,2,7
2025-07-03,3349.59,3363.23,3311.58,3330.5,-0.005527006488484698,1,49.42109901947665,-3.548468987823071,-4.51586030908353,0.9673913212604592,3250.948657215757,3318.5699999999997,3386.1913427842424,4.075330204530424,0.5882117945961601,3328.9542103656145,3332.337395363902,3323.3042,2975.3706000000006,55.29074478066841,43.792257948479985,11.498486832188426,12.207053680494868,12.969549895856325,22.909294451414738,24.636010558138562,0.007730257137181425,0.9650909744216843,1.025997270579247,3,7
2025-07-04,3330.17,3344.44,3325.4,3336.37,0.0017624981234047876,0,50.38581892143745,-2.845947638457801,-3.0506711677746083,0.20472352931680715,3306.0975543725654,3333.228,3360.358445627435,1.6278781785965262,0.5579054255714582,3330.3025357536844,3332.597563404941,3322.5328000000004,2978.6332000000007,60.78619588445616,54.56220396400772,6.223991920448441,11.594530410392185,12.23061226780651,22.21698539731909,23.891520883767903,0.00728391564513233,0.9667919454530176,1.0278055888432616,4,7
2025-07-06,3336.9,3341.79,3326.0,3327.97,-0.002517706369497441,1,48.947071909946146,-2.9331921922203037,-2.510332577229689,-0.422859614990615,3320.029876101917,3336.398,3352.766123898083,0.9811853320906566,0.2425483808505567,3329.8784383439233,3332.2990109272027,3322.8242000000005,2981.8457000000003,57.45653129147281,57.84449065219913,-0.3879593607263203,11.025758802439691,11.61640624146728,21.63312708434201,23.263656084462742,0.006942690566383177,0.9643578472139718,1.0252178761656259,6,7
2025-07-07,3327.75,3345.31,3296.6,3334.51,0.001965161945570504,0,50.1407977209113,-2.4464100939749187,-1.618840383187443,-0.8275697107874758,3319.3683169822575,3335.6720000000005,3351.9756830177434,0.9775351424086641,0.46436388027368786,3330.72054046321,3332.441655383512,3323.0256,2985.3998000000006,59.08286841747165,59.108531864466876,-0.025663446995224604,11.220659921101694,11.40759516574694,19.89608386477618,26.242102834104863,0.006396030598718613,0.9662529665572289,1.0272325953217851,0,7
2025-07-08,3335.09,3338.94,3288.1,3302.13,-0.009710572168024734,1,44.58261014215139,-4.6201687338798365,-3.0340792184738885,-1.586089515405948,3298.485449485068,3326.2960000000003,3354.1065505149327,1.6721633020592515,0.06552460212852232,3325.52226037899,3330.4860647136084,3323.3348,2988.9164500000006,51.31763958815252,55.95234643236566,-4.634706844213142,11.596735804691473,11.311247303565583,18.24904599728004,25.453771049036273,0.00664574455108074,0.956870097392907,1.0172575790715657,1,7
2025-07-09,3302.01,3320.76,3283.44,3317.47,0.004645486398173304,1,47.549004549757356,-5.0469007881197285,-2.768649018171024,-2.2782517699487044,3295.4111174205245,3323.69,3351.9688825794756,1.701655845128488,0.3900239430868698,3324.058213037355,3329.6463186030533,3324.9562,2992.646600000001,52.78531962268821,54.39527587610412,-1.609956253415909,12.055440248823643,11.638050084962668,17.12814540392759,24.657296149358363,0.00659332661891215,0.9749321876001023,1.0219832353185812,2,7
2025-07-10,3317.13,3330.02,3310.42,3323.56,0.0018357362689036538,1,48.722512881842945,-4.837908513941784,-2.0477253951944636,-2.7901831187473203,3296.508688881613,3321.128,3345.747311118387,1.4825873087930985,0.5493921212560542,3323.9676288487444,3329.2536528867277,3326.3462,2996.4319500000006,54.47942231672067,52.860793842520465,1.6186284742002073,12.16277962557565,11.879757715133561,18.139266291161665,23.829467613941382,0.006577746921632475,0.9778598980231317,1.023859327009867,3,7
2025-07-11,3322.4,3368.45,3322.4,3355.37,0.009571062354824411,1,54.45454420571991,-2.081485410082678,0.5669581669317139,-2.6484435770143917,3286.8379097317647,3326.608,3366.3780902682356,2.391029557328993,0.8616034035378097,3329.6771508762454,3330.938578506939,3329.7415999999994,3000.4024500000005,71.54424079393486,59.602994244447906,11.941246549486955,11.497696887169074,11.776568567996359,23.253107462321953,21.963695483809694,0.006943349084152785,0.9888832892731992,1.033658748471247,4,7
2025-07-13,3355.37,3373.6,3355.25,3368.17,0.003814780486205649,0,56.55887434307136,1.1229085933409806,3.0170817362842977,-1.894173142943317,3278.385298654772,3333.34,3388.294701345228,3.2972754861627034,0.8168973640780639,3336.675850716928,3333.34060570004,3332.3651999999997,3004.3873000000003,83.42529078785341,69.81631796616963,13.608972821683778,11.021878921354475,11.592329273465062,23.409542698729705,21.249711583137827,0.006990414765040774,0.9926556619482536,1.037601929694311,6,7
2025-07-14,3368.44,3374.3,3340.0,3345.03,-0.006870199544559807,0,51.891199443701154,1.7747510906856405,2.9351393869031663,-1.1603882962175258,3299.322709006996,3341.92,3384.5172909930043,2.5492705386726318,0.536504668812283,3338.1947869502137,3334.094760171006,3335.2488,3008.0520000000006,87.40534421384442,80.7916252652109,6.613718948633519,10.347154348958073,10.922425618063574,21.971768285829423,22.675287529620583,0.007158645149130022,0.9858359194716321,1.0304733973894908,0,7
2025-07-15,3345.15,3366.14,3320.23,3330.94,-0.004212219322397792,1,49.227181559243135,1.1412402143528197,1.8413028084562764,-0.7000625941034567,3308.5446373782056,3344.614,3380.6833626217945,2.156862503224254,0.3104485495990211,3336.875734777447,3333.8912272567477,3337.1734,3011.5331500000007,78.29526711158603,83.04196737109461,-4.746700259508586,10.273708183116474,10.647793552235473,20.184787592788478,24.333396195376615,0.007191424698506379,0.9816833623629199,1.02613281743379,1,7
2025-07-16,3330.76,3374.39,3319.85,3346.18,0.004575285054669198,0,52.09208104950254,1.8476206934160473,2.038146630015603,-0.1905259365995559,3321.6089702324575,3349.138,3376.6670297675423,1.6439471749173906,0.4462748955379521,3338.567419363366,3334.6840513046996,3339.6506000000004,3015.0039500000007,69.37597219493118,78.35886117345387,-8.982888978522695,9.938867259687877,10.143010804322975,19.708070674170028,22.04009624867812,0.0070205059077553325,0.991639970483554,1.0308276675775003,2,7
2025-07-17,3347.01,3347.01,3309.71,3340.16,-0.0017990663981016786,1,50.87099970001039,1.8997692659759196,1.6722361620603803,0.2275331039155392,3318.648863174051,3346.0960000000005,3373.54313682595,1.6405468836488644,0.39186485939057103,3338.8569794791174,3335.0373383172996,3340.6492,3018.3613500000006,64.44171571407377,70.70431834019699,-6.2626026261232255,9.91957739240543,10.096642787760953,18.428879524184115,22.37403549152399,0.006890565707930799,0.9898559443336425,1.028973140158528,3,7
2025-07-18,3340.03,3361.02,3331.89,3349.88,0.0029100402375934475,0,52.795043478073055,2.694361232899155,1.9734625031868924,0.7208987297122624,3327.8264401947426,3342.4380000000006,3357.0495598052585,0.874305510244792,0.7546613810977791,3340.8611650283683,3335.994929393603,3341.2466,3021.532850000001,68.13267363019975,67.31678717973489,0.8158864504648591,9.428092475676976,9.683479867682426,19.964491058087077,21.215875319806262,0.00684835567348271,0.9927364649610745,1.0319674933997924,4,7
2025-07-20,3349.88,3349.89,3343.7,3348.84,-0.00031045888210923245,1,52.5578697748869,3.2032368624500123,1.9858705061901998,1.2173663562598125,3327.5519458096996,3343.2000000000003,3358.848054190301,0.9361123588358833,0.6802140998302459,3342.3118622959378,3336.8236436262737,3342.2326000000003,3025.226200000001,69.10756826094936,67.22731920174095,1.8802490592084098,8.97171362442913,9.445645508417279,19.730767159194638,20.96750149030399,0.006670808394150785,0.9924282611079337,1.0316471099254185,6,7
2025-07-21,3348.79,3402.31,3347.3,3396.42,0.014207904826746054,1,61.15549898774257,7.360980026770903,4.914890936408873,2.4460890903620305,3310.8053820668283,3356.2960000000003,3401.7866179331722,2.710763170660273,0.9410140136911748,3352.149705514858,3340.6685698439337,3343.0467999999996,3029.047400000001,80.00125856827333,72.41383348647415,7.587425081799182,9.64334814402381,9.535720309850394,27.34378912753666,18.85495594768197,0.006519802270092088,0.9982688232406807,1.0463046538780263,0,7
2025-07-22,3396.32,3433.32,3383.0,3427.57,0.00917142167340912,0,65.55639787651344,13.01948558255799,8.458717193756769,4.560768388801223,3296.9289108008925,3372.574,3448.2190891991077,4.485896481388257,0.863513352831428,3365.8624863303385,3346.27511372497,3344.7531999999997,3033.000800000001,87.70541541888966,78.93808074937078,8.767334669518874,10.948677070098611,9.96019534726387,30.439134880890123,17.152519208408464,0.006600742934604453,0.9983252362145095,1.0513179930434995,1,7
2025-07-23,3427.76,3438.6,3382.2,3389.97,-0.010969870783091307,0,57.14100838588862,14.304987250681279,7.795375089504045,6.509612161177234,3315.618694914243,3382.5360000000005,3449.453305085758,3.956635204222959,0.5555461699367024,3370.245670633913,3349.09413864594,3345.6339999999996,3036.756750000001,86.62225467159448,84.77630955291914,1.8459451186753313,12.268831838713243,10.956089991368525,28.3677515798824,15.466856524794157,0.006559830846469031,0.9858576164718199,1.0324446312404063,2,7
2025-07-24,3389.94,3393.23,3352.03,3369.38,-0.006073800063127299,0,53.11969519641472,13.506619757037697,5.59760607668837,7.909013680349327,3327.2030554510407,3386.4360000000006,3445.6689445489606,3.4982468027719964,0.3560260668292239,3370.0882759732012,3350.402903894589,3346.8487999999998,3040.3524000000007,73.40324781953258,82.57697263667224,-9.173724817139657,12.43723155661253,11.692954313355571,26.331979899089088,19.612014664744553,0.00655350046086369,0.9798697144186588,1.026173768974003,3,7
2025-07-25,3369.16,3373.16,3325.34,3336.68,-0.009705049593693893,0,47.41289624535191,10.118649558233301,1.7677087023071785,8.350940855926122,3316.615804298228,3384.004,3451.392195701772,3.9827491753421107,0.14887025459597183,3364.0140439780735,3349.5175552562287,3348.3867999999998,3043.8062000000004,48.32365517583973,69.44971922232226,-21.126064046482526,11.789062194237784,12.028947016475513,24.164390409695375,22.592036989262088,0.006897017912992832,0.9703600302448671,1.0162147016543623,4,7
2025-07-27,3336.7,3337.07,3323.32,3333.57,-0.0009320642075355545,0,46.89686249540989,7.100853538564024,-1.0000698538896788,8.100923392453703,3293.072174345278,3371.4339999999997,3449.7958256547213,4.648575392828188,0.25840277020320956,3358.4787632547873,3348.488680723569,3348.7552,3047.2648500000005,31.608238529399586,51.11171384159063,-19.503475312191043,11.128529468994602,11.782880512803565,23.563748394320164,22.395642654286437,0.0067845052577271935,0.9694555923922528,1.015267524303779,6,7
2025-07-28,3332.98,3344.99,3302.3,3312.45,-0.006335550175937565,1,43.43920701560726,2.970775705050528,-4.104118149922541,7.074893854973069,3286.6207242319324,3348.41,3410.1992757680673,3.6906636742852554,0.20901099298380127,3350.109897208462,3346.163604547855,3349.2201999999997,3050.614,15.627845834784532,31.85324651334128,-16.225400678556746,10.750928783250297,11.26999548874404,21.755657659710337,24.45536074755152,0.006918376033782163,0.9633135578433083,1.0088352459615524,0,7
2025-07-29,3311.81,3333.8,3306.7,3327.63,0.004582710682425439,0,46.492810288380916,0.9120449157730945,-4.930279151359979,5.842324067133074,3294.165998755949,3335.942,3377.718001244051,2.504599974702846,0.40051704624094936,3346.0226431705596,3344.9678881254126,3349.5675999999994,3054.0012500000003,14.847574586711806,20.694552983631976,-5.84697839692017,10.400299575059156,10.764414522026879,20.671302605845153,23.23644590546824,0.0069824654834251465,0.9677281451753621,1.0134584460200278,1,7
2025-07-30,3327.99,3333.83,3267.81,3285.1,-0.012780868065259687,1,39.98026075390596,-4.104021029282194,-7.957076077132214,3.8530550478500207,3276.7608334918355,3319.0860000000002,3361.411166508165,2.550410957002306,0.09851309748014549,3334.9457989577304,3341.105443730225,3347.5244000000002,3057.2586499999998,12.051452637679155,14.175624353058497,-2.124171715379342,11.0785037536254,10.914716268437848,18.28081859490255,27.36141265003347,0.007523612177652659,0.9553597394288373,1.0052910052910053,2,7
2025-07-31,3285.49,3314.63,3282.91,3288.26,0.0009619189674592299,1,40.64552637729667,-7.735137983052027,-9.270554424721638,1.5354164416696112,3265.0938305507398,3309.402,3353.7101694492603,2.677714550801642,0.2614209719924145,3326.4574718745066,3337.696060263759,3346.0954,3060.53925,13.560439452809153,13.486488892400038,0.07395056040911463,11.708264776579767,11.054282175819463,17.24872891073802,25.816655144035206,0.007224875617272318,0.9562787180829408,1.006258013776811,3,7
2025-08-01,3287.72,3363.11,3281.27,3362.09,0.022452604112813468,0,53.58903566615873,-4.60230781312157,-4.910179403832945,0.30787159071137515,3251.9200132628757,3315.106,3378.2919867371247,3.812004004525013,0.8717912976137381,3332.936113351869,3339.269862827388,3345.7855999999992,3064.1537,25.766535901789812,17.126142664092708,8.640393237697104,10.970818823046175,11.024661288335787,22.94234315959379,22.315958566163452,0.008781180139903267,0.9777496655615658,1.0288511265954876,4,8
2025-08-03,3362.09,3364.61,3354.0,3361.57,-0.00015466569901456673,1,53.50054205399544,-2.1368447704339815,-1.9557730889162852,-0.18107168151769618,3249.685312480258,3324.93,3400.174687519742,4.526091527926423,0.7434723380995307,3338.1422745606196,3340.7085813546537,3345.7879999999996,3067.65885,40.69129730468231,26.672757553093756,14.018539751588552,10.327459470490949,11.017862123535359,22.778751832320413,21.901329801178083,0.0087789659291656,0.9775984412260804,1.0286919986168108,6,8
2025-08-04,3361.42,3384.89,3344.86,3377.29,0.004676386331386784,1,55.87287424741711,1.0731544199388736,1.0033808811652558,0.0697735387736178,3245.964196427903,3334.862,3423.759803572097,5.331423223635462,0.7386335673951177,3345.260042822325,3343.06867288016,3347.1443999999997,3071.06675,58.0674122216368,41.50841514270297,16.558997078933828,10.282203428740566,10.62651112589337,24.735951607524587,20.364017070279566,0.00858187977614829,0.9821700692142151,1.0335025598183494,0,8
2025-08-05,3377.15,3390.16,3349.91,3383.39,0.0018061818795542806,0,56.79403058150087,4.062491057182797,3.194174014727343,0.8683170424554537,3278.0389905928128,3354.52,3431.001009407187,4.559877979990414,0.6887396637660411,3352.1927623091747,3345.670048823376,3348.4528,3074.38455,62.22456427971977,53.66109126867963,8.563473011040145,10.379442851351937,10.353451160921443,23.913522947814528,18.925533679955784,0.008551025225169222,0.9839440469958703,1.0353692534143661,1,8
2025-08-06,3382.95,3385.1,3358.37,3370.24,-0.0038866344110493056,1,54.16885728646544,5.309264877733767,3.552758268222651,1.7565066095111164,3351.891502110659,3370.916,3389.9404978893413,1.1287435159666448,0.4822334338616335,3355.4740782529607,3347.2552069638036,3349.3248,3077.8342,63.9167008216718,61.402892441009456,2.513808380662347,10.469736600919639,10.375970014830102,22.76352095187901,18.015404229201515,0.008445460234010018,0.9801198162042691,1.0313451516459036,2,8
2025-08-07,3369.77,3405.4,3365.51,3399.81,0.008773855867831415,0,58.782530851943655,8.584437929416254,5.46234505592411,3.122092873492144,3349.575111218126,3378.46,3407.344888781874,1.7099441036373968,0.8695704034248797,3363.5351549342404,3350.6458387725907,3350.7688,3081.5957999999996,68.3119620586685,64.81774238668669,3.49421967198181,11.108746325160679,10.744094588256308,24.781367099475194,16.722943057633888,0.008569738523263634,0.9887192462048509,1.0403940253564314,3,8
2025-08-08,3400.02,3403.46,3372.75,3397.39,-0.0007118044831917469,0,58.26558268885057,10.859579916581879,6.189989634471788,4.669590282110091,3360.113313612901,3385.6240000000003,3411.1346863870995,1.5070005639787059,0.7306092400153863,3369.690581309833,3353.661591109843,3351.4136000000003,3085.3262499999996,77.1468302568607,69.79183104573366,7.354999211127037,11.702112497670218,11.085924549294928,23.39011354447916,15.784098405297412,0.008537029659058835,0.9880154714127842,1.0396534682248968,4,8
2025-08-10,3397.2,3403.14,3389.8,3391.56,-0.001716023182501858,0,56.96585840242464,12.053271445938663,5.906944931062856,6.146326514875806,3364.4811443738804,3388.4779999999996,3412.474855626119,1.41637960323893,0.5642167467275536,3373.6668392534993,3356.106649747918,3351.3306,3089.02655,87.13579428186713,77.53152886579878,9.604265416068358,12.253095372143362,11.68092084865202,22.791542853532327,15.380171392695896,0.008535722102189832,0.9863200139591695,1.0378693987716545,6,8
2025-08-11,3390.8,3391.31,3341.0,3348.99,-0.012551746099140226,1,48.464594429119735,9.455243197475284,2.647133346079582,6.8081098513957015,3338.3245499417817,3381.598,3424.871450058218,2.5593491632191796,0.12323318390224539,3369.1801412074083,3355.647511054504,3349.6504,3092.53505,81.04028878067675,81.77430443980153,-0.7340156591247791,11.773151291913823,11.73763189479202,20.63605439962482,23.053797617383683,0.009020805746176988,0.9739399755714535,1.0248423255942052,0,8
2025-08-12,3348.69,3357.55,3331.3,3350.37,0.0004120645328891115,1,48.73169690790384,7.422084390873351,0.49117963158211975,6.930904759291232,3326.244899969528,3377.6240000000003,3429.0031000304725,3.0423220601507017,0.2347754244056789,3365.7601155333336,3355.3070264703424,3348.0008000000003,3096.3466,69.64895704629684,79.27501336961357,-9.626056323316732,11.616348812624336,11.934722092383849,19.599654602400122,23.75182296036606,0.009020837435606078,0.9743413016925493,1.0252646267683863,1,8
2025-08-13,3350.23,3370.0,3342.1,3362.42,0.003596617687001702,0,51.11427385109751,6.705825104892938,-0.18006372351863575,6.885888828411574,3324.3294907490586,3370.146,3415.962509250942,2.718962872880975,0.4156854142064378,3365.1528218000003,3355.765927988385,3347.1957999999995,3100.19085,62.58933546527113,71.09286043074823,-8.503524965477105,11.033476495059325,11.403313893486574,20.959978923239643,22.46065525161471,0.008438251741400369,0.9778456348513931,1.0289521116588787,2,8
2025-08-14,3362.72,3374.35,3329.1,3335.0,-0.008154840858667245,0,45.88832360417318,3.880883212972094,-2.404004492351584,6.284887705323678,3315.0809611273316,3357.668,3400.2550388726686,2.5367033829829793,0.2338626892119048,3359.6704905636366,3354.4261906988118,3346.1562,3103.7558500000005,59.20003876250693,63.8127770913583,-4.612738328851371,10.89985219124517,11.258100501934752,19.142446319640133,23.004235620419646,0.008284401103528204,0.9698714593148374,1.0205611709371107,3,8
2025-08-15,3335.08,3348.53,3332.1,3333.79,-0.00036281859070463884,0,45.66644120822179,1.526858845080369,-3.8064230881946477,5.333281933275017,3322.2881207939213,3346.114,3369.939879206079,1.424092496913061,0.2413736573285443,3354.964946824793,3353.094823556953,3345.3401999999996,3107.3056000000006,53.30207881762704,58.3638176818017,-5.061738864174657,10.775772480560597,10.904624487809961,18.51466150243708,22.24980175064596,0.007968671799740989,0.9789716332883067,1.0201908923713434,4,8
2025-08-17,3333.76,3336.53,3323.41,3326.97,-0.002045719736396112,1,44.36435856729623,-0.8789079257194317,-4.969751887195559,4.090843961476128,3312.9190674006063,3341.71,3370.5009325993938,1.7231257409765495,0.24401662834098975,3349.874956493012,3351.409351069408,3344.5134000000003,3110.8641500000003,42.65340426367778,51.71850728127058,-9.065103017592804,10.944854846932554,10.922353519088862,18.006816407736856,23.456280373155657,0.007878899718260278,0.976968931696717,1.018103867727928,6,8
2025-08-18,3327.01,3358.28,3326.68,3330.85,0.001166226326056563,0,45.31958259063269,-2.444236217078469,-5.228064142843677,2.783827925765208,3309.5986300420795,3337.806,3366.0133699579205,1.690174321570546,0.37669889092146785,3346.4158734942826,3350.082941322995,3343.7886000000003,3114.4379000000004,29.400333111970657,41.78527206442516,-12.384938952454501,10.248207421707935,10.511989951134266,21.382477560651758,21.89829385312227,0.00758757491370021,0.9781082985846009,1.019291207261132,0,8
2025-08-19,3330.84,3345.19,3312.72,3314.06,-0.005040755362745286,1,41.96210547164243,-4.982151702136889,-6.212783702321678,1.2306320001847886,3311.224200475955,3328.134,3345.043799524045,1.0161729980851106,0.08385077303880838,3340.532987404413,3347.7588805924793,3342.6054,3117.9189,15.778784506718017,29.27750729412215,-13.498722787404132,10.081554748220853,10.513204797576703,19.91847911503804,23.342625852951503,0.007667622345519838,0.9731778939331649,1.0141532096419315,1,8
2025-08-20,3314.06,3351.94,3311.4,3346.75,0.009864033843684172,0,49.76541582361648,-4.306021079864877,-4.429322464039732,0.12330138417485559,3306.8674312411117,3330.484,3354.100568758888,1.418206408371168,0.8443768687582588,3341.663353330883,3347.693791521997,3342.6578,3121.49015,16.042165153751895,20.40709425748019,-4.364929103728294,9.663036818660707,9.955622120184321,19.642968311409028,21.374865855186503,0.007846224269298202,0.982777353614847,1.0241568512245205,2,8
2025-08-21,3346.54,3347.99,3325.33,3338.22,-0.0025487413162023076,1,47.95362736360018,-4.407673486005933,-3.624779896144631,-0.7828935898613022,3306.819370681319,3331.37,3355.9206293186808,1.47390588968988,0.6395076254682331,3341.0372890889043,3347.0825791657394,3342.9422,3125.077050000001,22.528044334658635,18.116331331709514,4.411713002949121,9.274413026926286,9.67798388757357,18.6943455745162,20.342604160985882,0.007815023486832638,0.9802725083690608,1.0215465403435329,3,8
2025-08-22,3338.25,3378.68,3321.33,3369.82,0.009466122664174348,0,54.5543954160427,-1.9162880664757722,-0.9067155812915759,-1.0095724851841963,3298.775070752606,3339.94,3381.104929247394,2.4650101048158923,0.862930297054886,3346.2705092545575,3348.5495095421434,3343.5598000000005,3128.8070000000002,42.76241134751762,27.11087361197605,15.65153773554157,9.448306153483239,9.555671486071972,22.744389603409044,17.97642347973943,0.007446558231099374,0.9895518881776003,1.0269865021775106,4,8
2025-08-24,3371.52,3371.52,3365.76,3368.96,-0.0002552065095465794,0,54.35236419117635,-0.011113870929875702,0.7987668914034566,-0.8098807623333323,3301.0473863829584,3347.562,3394.0766136170414,2.7790143165110313,0.7300137347820576,3350.395871208274,3349.8663153781345,3344.5906,3132.6192499999997,51.06843054868617,38.78629541028747,12.2821351383987,9.60977834242898,9.442095684677632,22.461797766040014,17.75307211137816,0.00745443680828912,0.9892993480942033,1.0267244085369385,6,8
2025-08-25,3368.97,3376.18,3351.51,3354.75,-0.004217918882978733,1,50.992110644073634,0.34810937482234294,0.9263921097245402,-0.5782827349021973,3328.100047102533,3355.7,3383.2999528974665,1.6449594956323073,0.4827898257013508,3351.1875309885877,3350.1813918053517,3346.2149999999997,3136.2720499999996,57.308827786022135,50.37988989407531,6.928937891946823,9.152865765848121,9.30058595966568,21.244324050531272,19.921660046891013,0.00561957462091745,0.9851265636929583,1.0130911396992208,0,8
2025-08-26,3354.77,3394.32,3351.16,3390.75,0.010731052984574108,1,58.0653692704905,3.497379902123157,3.2605301096202837,0.23684979250287358,3325.474913197508,3364.5000000000005,3403.5250868024928,2.319814938474798,0.836322121880881,3358.3807071724805,3352.7987213662973,3348.7684,3140.1074,68.49073087641422,58.95599640370751,9.53473447270671,9.38133838140053,9.495558361914755,23.170252016920426,18.07575831664032,0.006118443948886381,0.9956980090444588,1.0239626743975359,1,8
2025-08-27,3390.65,3399.23,3373.62,3395.65,0.0014451080144510797,1,58.934154777657724,6.315784105539478,4.863147450429284,1.4526366551101948,3342.1777093016876,3375.9860000000003,3409.794290698313,2.0028691290966667,0.7908162405409799,3365.1569422320295,3355.5633199878266,3350.439,3143.7951,79.6238986765692,68.47448577966851,11.149412896900685,9.761183043507883,9.457024404678002,22.94675981294382,17.065318885004167,0.006043168038186022,0.997136900217302,1.0254424110648064,2,8
2025-08-28,3395.44,3422.86,3384.39,3414.56,0.005568889608764005,1,62.18974325758596,9.9604508278112,6.806251338160805,3.154199489650396,3338.10878328997,3384.9339999999997,3431.7592167100297,2.766684178186633,0.8163466405661537,3374.1393163716602,3359.369557407967,3351.9674,3147.6687999999995,94.72399060113725,80.94620671804022,13.77778388309703,10.856625130520626,10.11898175596058,26.137730313270332,15.65008639417231,0.006150521297082216,0.9975751272327819,1.0311529866521711,3,8
2025-08-29,3414.56,3453.63,3404.28,3447.57,0.009667424206925679,1,67.09389495678747,15.335725885684042,9.745221116826917,5.590504768857125,3332.650159663007,3400.6560000000004,3468.661840336994,3.9995718671334886,0.8449262575649675,3387.490349758631,3365.059908542937,3353.9386,3151.7033,94.73887395643321,89.69558774471321,5.043286211720002,12.654885337283387,11.208034190395635,29.860095055811406,14.041393156206022,0.006386653289532846,0.9982453244846726,1.0411215799963762,4,8
2025-08-31,3447.62,3451.91,3441.8,3447.67,2.9005937515425018e-05,1,67.10781325622452,19.380334824067177,11.03186404416804,8.348470779899136,3364.4593063211146,3419.2400000000002,3474.020693678886,3.204261396034537,0.7594892296057008,3398.432104347971,3370.3895918627477,3356.2819999999997,3155.7695,94.70076068295936,94.72120841350993,-0.02044773055057192,14.324698386420236,12.590661758470432,29.19794344197425,13.730023379200093,0.006131808108369751,0.9982742795261796,1.0411517787038715,6,8
2025-09-01,3447.7,3489.73,3436.73,3479.1,0.009116301734214627,1,71.22710308940334,24.835565931642577,13.189676121394752,11.645889810247825,3372.01532071164,3436.9100000000003,3501.8046792883606,3.776338588345944,0.8250651706939472,3413.098994466521,3377.4031665812804,3359.1366,3159.9177000000004,95.19601352935703,94.8785493895832,0.3174641397738327,16.66230205717067,14.65859369722703,33.888834626012795,12.202385575150531,0.006399254037788449,0.9969539190711029,1.0506432324696502,0,9
2025-09-02,3479.05,3539.94,3470.07,3529.87,0.014592854473858274,1,76.37421212891824,32.87660949533711,16.984575748071425,15.892033747265682,3376.877698743916,3463.7540000000004,3550.6303012560847,5.0163089674430905,0.8805180414225398,3434.3300863816985,3387.2397364792623,3363.1746,3164.25435,95.14750474135042,95.01475965122226,0.13274509012815372,19.58031608780109,16.952507237110662,39.06886189470305,10.537824816966697,0.007016331445790013,0.9971553190167064,1.0659751162650237,1,9
2025-09-03,3529.83,3578.26,3526.58,3560.22,0.008598050353129105,0,78.81406495844894,41.2229928059769,20.264767246968972,20.95822555900793,3391.941638493591,3492.8860000000004,3593.8303615064096,5.779997486686322,0.8335203620844348,3457.219161585026,3398.3997534806003,3367.6888,3168.7057000000004,94.29093704450058,94.878151771736,-0.5872147272354198,22.713918765326596,19.688110411248633,42.50704687943334,9.505006843412072,0.006256590744941147,0.9949584434892935,1.0751404239898532,2,9
2025-09-04,3560.29,3563.14,3510.92,3552.42,-0.0021908758447510834,1,76.62397183674959,46.67018209145317,20.56956522595619,26.10061686549698,3416.481378460629,3513.8559999999998,3611.2306215393705,5.542322823665556,0.6980187413843144,3474.528404933203,3408.3365435786263,3372.6946,3173.0239500000002,93.05023012512122,94.16289063699074,-1.112660511869521,24.94735330300015,22.263834695400618,38.41046684410929,11.479086833835332,0.006341535337407153,0.9927786130689217,1.0727849248052184,3,9
2025-09-05,3552.43,3600.04,3544.74,3585.79,0.00939359647789395,1,79.27708615004516,53.068063359658936,21.573957195329562,31.494106164329374,3461.103984921281,3541.48,3621.856015078719,4.539120089833565,0.7756419309703492,3494.7577858544387,3419.7851536703283,3378.061,3177.4997000000003,92.8146933091749,93.38528682626556,-0.5705935170906571,27.44252662140375,25.078222693365174,41.214513822928566,10.342367084249476,0.0065030095402410035,0.9960417106476595,1.0828622334964064,4,9
2025-09-07,3586.38,3595.89,3576.36,3591.06,0.0014696900822412928,1,79.66952487938785,57.89628300443883,21.121741472087564,36.774541532351265,3513.6703319008875,3563.872,3614.073668099112,2.8172542728309176,0.7707878147228422,3512.2672793354495,3430.8351437561137,3383.4109999999996,3182.1158500000006,93.9940639480709,93.28632912745567,0.7077348206152294,29.75947327420709,27.35341328860362,39.718615878106704,9.966986563387549,0.005947722148474869,0.997505583271297,1.0844537053814096,6,9
2025-09-08,3591.02,3646.3,3579.4,3634.87,0.012199740466603215,0,82.61666892032143,64.51410428733561,22.19165020398748,42.322454083348134,3520.066232664581,3584.8720000000003,3649.6777673354195,3.6155135991142333,0.8857527042402096,3534.5586830926404,3443.998682868623,3389.0009999999997,3186.9166,95.9308111074578,94.24652278823453,1.6842883192232705,32.39461587257277,29.91857124698826,43.926232434760244,8.790053268167037,0.006153390516959712,0.996865315525327,1.097683759135109,0,9
2025-09-09,3634.9,3674.07,3622.7,3633.39,-0.0004071672439454055,1,82.18324759191964,68.84574085613167,21.218629418226826,47.627111437904844,3529.6827021694635,3599.5060000000003,3669.329297830537,3.8796044696431577,0.7426410743462519,3552.528013439433,3456.21747752226,3394.3054,3191.61045,93.43577904038284,94.45355136530384,-1.0177723249209976,35.05834487097448,32.40890907259079,44.82762237355321,8.008092132465439,0.006074146220276108,0.9889278103030154,1.0972368182641783,1,9
2025-09-10,3633.45,3657.36,3620.25,3644.77,0.0031320612430816297,0,82.92501567453063,72.3627126310439,19.788480954511243,52.57423167653266,3563.1916343476446,3617.976,3672.7603656523556,3.0284537903156634,0.7445405699321794,3569.2992837231723,3468.382156391792,3400.3002,3196.2616999999996,91.48519613896782,93.61726209560281,-2.132065956634989,37.4278902255254,34.91125304904909,41.92598579987884,7.917077143417977,0.006034286555856488,0.992025192769871,1.1006734311771456,2,9
2025-09-11,3645.12,3648.75,3612.85,3631.56,-0.0036243713595096594,1,78.82263654706017,73.2397393762767,16.53240615979523,56.70733321648147,3585.5254978406115,3627.13,3668.7345021593887,2.2940728432335553,0.55323943047111,3580.6194139553227,3478.909759205225,3406.3125999999997,3200.9100999999996,88.05984998120374,90.99360838685146,-2.9337584056477226,39.302155958720185,37.180250414847336,39.27731901375398,8.719128048804247,0.005923334313018141,0.9884297250732837,1.096684181917014,3,9
2025-09-12,3631.61,3656.52,3630.43,3642.37,0.00297668219718239,0,79.70733814147926,73.9545638703903,13.797784523127063,60.15677934726324,3625.7470835155386,3637.3920000000003,3649.036916484462,0.6402893328220685,0.7137413353990983,3591.8467932361727,3489.455581191985,3412.2364,3205.6398999999997,88.61145927039877,89.38550179685677,-0.774042526458004,41.1197938014176,39.2738420134715,38.82993485997939,8.308335658102871,0.005800207109184164,0.9913719662390754,1.0966600729225942,4,9
2025-09-14,3642.28,3645.53,3636.62,3637.99,-0.0012025137479169112,1,78.28038093179576,73.32242278890817,10.532514753315944,62.78990803559223,3626.71757887446,3638.016,3649.3144211255403,0.6211309200146587,0.4988493967559095,3600.236467193232,3499.038446921534,3418.1929999999998,3210.2789499999994,87.17824968612317,87.94985297924188,-0.7716032931187158,42.80760036963663,41.054878164178405,38.16856638320385,8.166824442115672,0.00572438411860812,0.9901798278203735,1.0953413241081134,6,9
2025-09-15,3638.0,3685.43,3626.35,3676.73,0.010648737352219273,1,81.44451666150107,75.08194276451104,9.833627783135043,65.248314981376,3611.621810679742,3646.684,3681.7461893202585,1.9229628517446706,0.9284672546480116,3614.144382249008,3510.502418087887,3424.7299999999996,3214.9415999999997,90.72844510068131,88.83938468573442,1.889060414946897,44.75399739304081,42.93689559722921,41.35302584924671,7.2812406127207705,0.005786066917116712,0.9976393528027937,1.0971514341302713,0,9
2025-09-16,3676.73,3702.87,3674.51,3694.03,0.00470526799629023,0,82.65940945121547,76.9849063606157,9.389273103391758,67.59563325722394,3601.9280525937,3656.536,3711.1439474063,2.986867757150478,0.8433016784263403,3628.669040021915,3522.3429072435074,3431.6338,3219.6353499999996,93.26896161970178,90.39188546883541,2.8770761508663725,46.70292876524201,44.75526456743932,42.422186784036,6.894744560701371,0.005682141423392739,0.9976126626103536,1.1023138256603684,1,9
2025-09-17,3694.13,3707.3,3643.21,3668.89,-0.006805575482603077,0,74.97699765923169,75.59304129932389,6.397926433679956,69.19511486564393,3616.7564406327024,3664.002,3711.2475593672975,2.578904671301903,0.5517297293699024,3635.981941836112,3531.7975583890875,3437.0832,3224.2088999999996,92.32973703160923,92.10904791733077,0.22068911427845705,47.118903823978215,45.93645060850952,37.56889077465578,11.693199644268992,0.005918783626930286,0.9896393601812639,1.0948119457143197,2,9
2025-09-18,3669.52,3673.01,3627.72,3640.04,-0.007863413730038182,1,67.25236121567379,71.33966506840488,1.7156401622087571,69.62402490619613,3615.1904612199955,3663.5359999999996,3711.8815387800037,2.6392828556893706,0.2569992951478111,3636.7197705931826,3538.780941718824,3441.3325999999997,3228.5543000000002,82.07915935614159,89.22595266915087,-7.146793313009283,46.88414702241586,46.79353789382893,34.55995046565357,13.49594295848594,0.006334658222919434,0.9818574164486283,1.0789715498485306,3,9
2025-09-19,3640.14,3685.01,3631.94,3684.55,0.01222788760563076,1,72.03870364021951,70.74491542801661,0.896712417456385,69.84820301056023,3631.7053885135074,3672.8479999999995,3713.9906114864916,2.240365595662664,0.6422126546809342,3645.4161759398767,3548.185397091803,3447.2241999999997,3233.1415500000007,79.32478513055554,84.57789383943545,-5.253108708879907,46.84828944378595,46.98359663388209,33.46319816842912,12.257130770265878,0.006597475870412235,0.9938634585817172,1.0886895422808838,4,9
2025-09-21,3684.6,3691.98,3683.25,3686.1,0.00042067552346947146,1,72.19113203345673,69.59638034876025,-0.20145812943998465,69.79783847820023,3631.876922337235,3674.7219999999998,3717.5670776627644,2.331881304913115,0.6327807139195412,3652.8132348598992,3557.0831134084615,3453.5586,3237.8604500000006,80.37468501397599,80.59287650022436,-0.21819148624837226,46.92074356599959,46.90244529420772,34.205266848351805,12.061004595506573,0.006637934184933475,0.9942815526124132,1.08278402481582,6,9
2025-09-22,3685.82,3749.05,3685.35,3747.66,0.01670057784650436,1,77.44915997446715,72.81417901488385,2.4130724293468973,70.40110658553695,3606.659559985441,3685.448,3764.236440014559,4.275650613687074,0.8948041107839175,3670.0581012490084,3569.3783964143677,3461.7782,3242.7855500000005,91.52302270869285,83.74083095107478,7.782191757618065,47.71721662336256,47.28275303357425,40.3914797739109,10.713892061239497,0.0071301575211572855,0.9996292394073164,1.0904726295053728,0,9
2025-09-23,3747.71,3790.89,3736.51,3763.67,0.004271999060747378,0,78.58330709121454,75.78260612919803,4.305199634928854,71.47740649426918,3603.134643727103,3704.404,3805.673356272897,5.467511441673039,0.7926156647045938,3687.0784464764615,3581.913338581183,3470.3802,3247.8041000000007,91.09438866212196,87.6640321282636,3.430356533858358,48.8577987698575,47.88927116792854,43.79496596142101,9.71619004627043,0.00706213732816938,0.9928196281084389,1.0951311275543905,1,9
2025-09-24,3763.85,3779.17,3717.39,3742.88,-0.0055238636756145265,1,73.41954529385207,75.58621590674738,3.2870475299825586,72.29916837676483,3650.9588425215775,3724.972,3798.985157478423,3.973890675066697,0.6209784895693761,3697.224183480741,3592.2982844791713,3478.9887999999996,3252.5385000000006,86.45288473278003,89.69009870119828,-3.2372139684182457,49.19412328322871,48.45566995329564,39.31564324850431,11.887820671342302,0.007304115931675112,0.9873354278282936,1.0786180105876826,2,9
2025-09-25,3742.96,3761.37,3721.89,3744.55,0.0004461804813404857,1,73.56978449578853,74.70418691871055,1.9240148335565692,72.78017208515398,3677.7494748940467,3736.9719999999998,3796.194525105953,3.169546098068334,0.5639790348895364,3705.8288773933336,3602.120975803096,3487.3271999999997,3257.2739500000002,78.0452352745185,85.19750288980683,-7.1522676152883236,49.50642461707341,49.18211169346546,36.73025357850821,11.10607970965465,0.006864027795933854,0.9877759576247267,1.066543811878368,3,9
2025-09-26,3744.45,3783.63,3734.3,3759.25,0.003925705358454268,1,74.91390871687673,74.33445837345425,1.2434290306402147,73.09102934281404,3733.0151261390074,3751.602,3770.1888738609923,0.9908766367537097,0.7057365874756028,3715.5418087763637,3612.2583322028963,3496.8102,3262.10765,76.41166779000986,80.3032625991028,-3.891594809092936,50.05193761034308,49.6230304467859,37.41266547194994,10.203227149822219,0.006741117188533567,0.9916536749945264,1.0707307486356852,4,9
2025-09-28,3759.54,3772.29,3759.54,3766.71,0.001984438385316256,1,75.59228704639489,73.79276839214572,0.5613912394653369,73.23137715268038,3733.375582870071,3755.4120000000003,3777.4484171299296,1.173581866912568,0.7563483876118663,3724.84511627157,3622.222955931742,3506.3791999999994,3266.8744999999994,80.50177965742913,78.31956090731916,2.1822187501099677,50.558485389807785,50.032455003440596,36.56643277468326,9.972441550269247,0.006644166626584811,0.9936215506121254,1.0626195433233467,6,9
2025-09-29,3767.02,3834.05,3763.79,3832.73,0.017527231987596537,1,80.59379495241163,77.79397688665131,3.650079787176736,74.14389709947457,3695.4566256403045,3769.224,3842.991374359696,3.9141942404959544,0.9304477457089602,3744.460549676739,3635.8040555490493,3515.792,3271.8321999999994,88.96588862102166,81.95977868948688,7.00610993153478,51.63695653087205,50.844447070607565,42.52234543784684,8.81544838001049,0.007277795793480052,0.9996557165399512,1.0716846178796318,0,9
2025-09-30,3832.93,3871.45,3793.06,3862.52,0.007772527676095153,1,82.35118841228164,82.41869605600323,6.619839165222928,75.7988568907803,3690.249051160221,3793.152,3896.054948839779,5.425722398668924,0.8370554526479439,3765.925904280968,3650.430890674917,3525.8109999999997,3276.8008999999997,93.67518078716961,87.71428302187347,5.960897765296139,52.91974187936471,51.739113634586246,43.15705474501966,7.7369134025403365,0.007327900817003266,0.9976933707009003,1.0790970553724089,1,9
2025-10-01,3862.52,3895.11,3853.19,3863.25,0.00018899578513509319,0,82.3932653620016,85.16104074930172,7.4897470868171325,77.67129366248459,3715.2915370093183,3816.892,3918.4924629906814,5.323727419622119,0.7281387241525267,3783.621194411701,3664.1611557926644,3535.5301999999997,3281.8278499999997,94.60195901863499,92.41434280894208,2.187616209692905,54.268294837464644,52.952625684168346,44.03140815426047,7.227661210024482,0.0070805440861288005,0.9918205134129716,1.069308163914915,2,10
2025-10-02,3863.23,3896.66,3819.28,3862.3,-0.0002459069436354655,1,82.11888233644419,86.26332173978562,6.873622461840824,79.3896992779448,3754.2068628074867,3837.5020000000004,3920.797137192514,4.34111237948612,0.6488562288017249,3797.926431791391,3676.9443070318475,3545.1084,3286.8388999999993,90.55510839611881,92.94408273397447,-2.3889743378556574,54.28591689373411,53.60282938654941,38.936729705465346,11.461909639491774,0.0070764605606182685,0.9911821919284721,1.0690452136125221,3,10
2025-10-03,3862.25,3891.46,3837.87,3885.52,0.006011961784428976,1,83.55997312565333,87.99618209711844,6.885186255338908,81.11099584177953,3823.725516813831,3861.264,3898.8024831861694,1.9443624256807763,0.8230817808980726,3813.852535102047,3690.4008033523737,3555.414,3291.9303999999997,90.38884939749295,91.84863893741557,-1.4597895399226246,54.30228023169861,54.28528753458163,35.84355142141805,10.551362445138885,0.007106743827906478,0.9971411413877527,1.0754722725825872,4,10
2025-10-05,3886.21,3920.09,3883.42,3909.22,0.006099569684366424,1,84.89782206372199,90.241629019848,7.304506542454774,82.93712247739323,3835.0339073407235,3876.562,3918.0900926592763,2.142521783955802,0.8932037075233326,3831.1920741744016,3704.518170878027,3565.6022000000003,3296.8882999999996,93.10312915726765,91.34902898362647,1.7541001736411772,54.60883612649407,54.44737651011409,38.17906766576538,9.967838973258207,0.006944099461874649,0.997227104479744,1.0780040536627737,6,10
2025-10-06,3909.3,3975.93,3898.67,3969.33,0.01537646896311795,1,87.64419062981908,95.7675873892822,10.26437192951117,85.50321545977103,3809.3145686740045,3897.924,3986.5334313259955,4.5464935348147115,0.9029255065259145,3856.3080606881467,3721.6028050149284,3577.041,3302.2436,96.61014960215292,93.3673760523045,3.2427735498484225,55.36229263638662,54.832286434042615,41.98050782533104,8.856513987798062,0.0074126050308334435,0.9983400110162906,1.0945799495360349,0,10
2025-10-07,3969.49,3995.79,3940.69,3994.24,0.00627561830334078,1,88.57168863449975,100.9927959420952,12.391664385859329,88.60113155623587,3812.3434650305576,3924.122,4035.900534969442,5.696995912433011,0.813646980697898,3881.3865951084836,3739.192301465578,3589.0945999999994,3307.6856999999995,97.8244484422041,95.84590906720821,1.97853937499589,56.204378932079,55.40660752928653,41.51223000730302,8.157955201400284,0.007306515064109523,0.9996120917265421,1.1014491155018131,1,10
2025-10-08,3994.14,4059.1,3984.18,4011.59,0.004343755007210515,0,89.18086727626499,105.31975083740872,13.374895424938273,91.94485541247045,3845.050520978419,3953.9800000000005,4062.909479021582,5.509864947297725,0.7644371409716643,3905.0599414523954,3756.7663465323153,3602.3465999999994,3313.0893499999997,94.44736121713561,96.29398642049753,-1.8466252033619242,57.37164073849499,56.36696668744081,45.96348565704071,7.313291407670663,0.007171439533725653,0.988295434948634,1.105815774095024,2,10
2025-10-09,4011.59,4057.75,3944.19,3989.5,-0.00550654478648116,1,83.10679365889146,105.74742489114578,11.042055582940264,94.70536930820552,3895.5411458011577,3974.7760000000003,4054.010854198843,3.986884000448963,0.5929136561736411,3920.4126793701416,3771.7814209495855,3615.1292,3318.6261499999996,88.40965259055903,93.56048741663291,-5.150834826073876,57.21705153656001,56.71071523431951,39.31826761646506,11.347189913945,0.007503790110892631,0.9828533418738145,1.0997265500093723,3,10
2025-10-10,3989.38,4022.52,3946.59,4015.78,0.006587291640556492,1,84.46260968736416,106.97380855272058,9.81475139561205,97.15905715710853,3958.7933049360836,3996.088,4033.382695063917,1.866560249119469,0.7640053761835477,3937.752192211934,3787.5232647592898,3628.1964,3324.3081999999995,84.29388499653979,89.05029960141148,-4.7564146048716935,57.073504420477526,57.222572579486254,35.61100610412007,10.277280098701224,0.0070858347494062324,0.9893276834766328,1.106970769519147,4,10
2025-10-12,4015.87,4059.33,3973.86,4034.87,0.004753746470175013,1,85.38049137165491,108.23842471432272,8.863494045771347,99.37493066855137,3972.8662749816385,4009.196,4045.5257250183613,1.8123197278637106,0.853347018000055,3955.4099754461276,3803.481118645788,3642.1938,3329.98665,86.41993275705578,86.3744901147182,0.045442642337576444,57.250179024732994,57.233615280646504,36.37588164683524,9.223087060717166,0.006456063533513657,0.9939743750816021,1.1109407093729522,6,10
2025-10-13,4034.86,4131.72,4024.38,4127.58,0.022977196291330326,1,88.8312739863514,115.39140404646878,12.813178702333914,102.57822534413486,3928.3696870345784,4035.8640000000005,4143.358312965423,5.326954177119053,0.9266086152367052,3986.7136162741044,3824.390723894447,3658.0696,3335.95575,92.83852723881253,87.85078166413602,4.987745574676509,57.9061688406026,57.48983663054006,40.16040366976327,8.099440923472272,0.007445179569695847,0.9989979959919839,1.1206353084911422,0,10
2025-10-14,4127.58,4179.47,4090.21,4161.44,0.00820335402342276,1,89.78007989819906,122.38167099847533,15.84275652347236,106.53891447500297,3916.6893469952533,4065.8340000000003,4214.978653004747,7.33648511005352,0.8205143398501747,4018.4820496788125,3846.1358384819023,3674.7589999999996,3342.087,95.67490156509753,91.64445385365526,4.030447711442264,58.773976482931985,58.012077753832486,41.47216495297769,7.302700719272111,0.007356517382309459,0.9956860558874688,1.1291844736592183,1,10
2025-10-15,4160.93,4217.97,4153.6,4209.19,0.011474393479180334,1,90.94794346002281,130.27282976715878,18.987132233724637,111.28569753343415,3944.498131890417,4109.772,4275.045868109582,8.042970174967504,0.800767450829196,4053.156222464482,3869.5586876121024,3692.3257999999996,3348.4289000000003,97.49461465236746,95.33601448542584,2.158600166941625,59.76300932174773,58.83458908117517,42.77371228424111,6.784397079071038,0.007046775373148005,0.9979184299556421,1.1322971224434346,2,10
2025-10-16,4209.18,4378.85,4203.28,4365.39,0.037109277556964804,0,93.54607382268098,147.43116977376667,28.91637779226602,118.51479198150065,3936.0219110774074,4179.694,4423.366088922593,11.65980518777656,0.8810366645212905,4109.926000198213,3901.547804540354,3713.3523999999998,3355.5784000000003,97.06359683182677,96.74437101643059,0.3192258153961802,61.22551232248601,59.999744402709,51.202433841795056,5.614019136223424,0.009905886930120135,0.9969261335738836,1.1743158506371407,3,10
2025-10-17,4365.36,4378.41,4185.44,4247.93,-0.026907103374498087,0,75.90326301843223,149.82415787268974,25.047492712951254,124.77666515973849,4037.9711554374558,4222.3060000000005,4406.640844562546,8.73147728101871,0.5695039509779317,4135.01763652581,3923.8950429571055,3731.3759999999997,3362.1370000000006,90.71057500026069,95.08959549481831,-4.379020494557622,62.16955747979294,60.96628340077034,42.52015250357911,6.2297096577843885,0.01225883885016231,0.9701017390410724,1.141336793940713,4,10
2025-10-19,4247.81,4273.56,4233.47,4237.69,-0.0024105858618199694,1,74.58265271354246,149.17474219096084,19.518461624977874,129.65628056598297,4093.271239542561,4244.328,4395.38476045744,7.118053103221033,0.4780281267124376,4153.6853389756625,3944.139878895357,3749.3653999999997,3368.5764000000004,82.7015529500785,90.15857492738864,-7.4570219773101485,63.04617084014937,62.13584158131769,40.965985793514356,6.002005691701897,0.012348423326106995,0.9677632255044131,1.1348017031304394,6,10
2025-10-20,4237.65,4381.14,4218.32,4360.03,0.028869502016428905,0,79.23173869189978,156.72525990822805,21.655183473796058,135.070076434432,4137.597785535318,4284.046,4430.494214464683,6.836911390058962,0.7594227600443831,4191.202550070996,3970.9714996117855,3769.1696,3375.7850000000008,82.08957892793477,85.16723562609131,-3.077656698156545,64.1953490906458,63.182453285219374,44.426537739256744,5.174735587899131,0.013319884333905985,0.9951816193958649,1.159724327976295,0,10
2025-10-21,4359.99,4371.97,4077.26,4092.51,-0.06135737598135782,0,55.37835980045094,139.5142380638281,3.5553293035168565,135.95890876031123,4037.5355086263326,4260.71,4483.8844913736675,10.475929663068714,0.12316481833405926,4173.258450058088,3978.812693185219,3783.6405999999997,3381.6512500000013,69.94728823359753,78.24614003720359,-8.298851803606055,62.62808751032429,62.83712917523683,35.018137640744676,14.2152262004031,0.02037070633976178,0.9341198866048562,1.087337497575582,1,10
2025-10-22,4092.52,4161.14,4003.43,4087.51,-0.001221744113026002,1,55.04480630201857,124.0410529941255,-9.534284612948596,133.5753376070741,3974.041524311373,4205.134,4436.226475688627,10.99096845373427,0.2455044789980833,4157.667822774799,3985.8254226571403,3798.2957999999994,3387.7087000000006,56.42311363766705,69.48666026639978,-13.06354662873273,60.11622520713287,62.15578714888934,31.209191204413838,17.76099201349711,0.020163079018015912,0.9329786311325362,1.0776286164732434,2,10
2025-10-23,4087.38,4154.52,4065.47,4121.29,0.008264199965259955,0,56.93215804422023,113.1993147999815,-16.300818245674094,129.5001330456556,3944.445610129699,4179.8060000000005,4415.166389870302,11.261785349382306,0.37568851319407104,4151.053673179381,3994.565072808293,3812.9066,3394.029700000001,38.01387820801524,54.7947600264266,-16.78088181841136,57.78378163988369,60.205934575103996,29.27304104152602,16.65913880125756,0.020168964327391237,0.9406889531035301,1.0790751136339833,3,10
2025-10-24,4121.45,4144.19,4044.07,4111.22,-0.002443409709095845,0,56.17502748517839,102.61174994929843,-21.510706477085733,124.12245642638416,3923.105295516527,4154.512000000001,4385.918704483474,11.140018586224986,0.4064590628507651,4143.811187146766,4002.0911971432415,3827.218,3400.2334000000005,37.363795006695796,43.93359561745936,-6.569800610763565,55.310448026634994,57.713336616883936,27.22781674837113,16.988577279163092,0.020199891843519932,0.9383904645822777,1.0764384910244864,4,10
2025-10-26,4112.24,4112.24,4059.7,4064.16,-0.011446723843530737,0,52.65109429032313,89.39321053694857,-27.783396711548477,117.17660724849705,4050.9861445720085,4095.338,4139.689855427992,2.165968006938228,0.14851526842411333,4129.329153120081,4006.095636037226,3840.21,3406.10105,35.27095653916002,36.88287658462368,-1.6119200454636626,53.01378110004692,55.398781369965306,26.19357563243196,16.34327085280514,0.02045737622379885,0.9276489680768019,1.0589623932024794,6,10
2025-10-27,4064.28,4097.57,3971.22,3997.97,-0.01628626825715529,0,48.082365865332584,72.73796500833305,-35.55091379213121,108.28887880046426,3978.1851293964587,4076.4300000000003,4174.674870603541,4.820142654407967,0.10069162126225002,4105.445670734612,4005.5714014541795,3851.218,3411.5200500000005,23.93585998775994,32.19020384453858,-8.25434385677864,49.65505842389125,52.482753225263124,23.84759988697822,21.15141054341983,0.020873777303254917,0.9125410281342298,1.0294971957707382,0,10
2025-10-28,3997.95,4019.49,3886.3,3964.56,-0.008356741046080862,0,45.916528864484505,56.19487560547668,-41.67520255599007,97.87007816146675,3913.9239218948424,4051.84,4189.756078105158,6.807577698288076,0.18357568892928047,4079.8300942374094,4002.9255045861682,3861.5558,3416.7537500000003,16.465483758242904,25.224100095054286,-8.758616336811382,46.63361504988085,49.823698074963886,21.64669449447413,25.083641139917756,0.02096125400100516,0.9049151590681876,1.0201374057586907,1,10
2025-10-29,3964.57,4030.03,3914.19,3952.49,-0.003044474039994416,1,45.12570562367833,41.630519228816866,-44.99164714611992,86.62216637493678,3882.5466956061723,4018.08,4153.613304393828,6.746172519901439,0.258029953252629,4056.6773498306075,3999.67160106448,3871.0236,3421.9666000000007,11.905639094229397,17.43566094674408,-5.5300218525146825,43.701061389720415,46.67805990680583,20.648319175979275,23.087863902769705,0.020695388363120237,0.9021601683580072,1.017031623909631,2,10
2025-10-30,3952.92,4045.77,3915.17,4036.51,0.021257485787440356,0,51.40053541355657,36.44772697669032,-40.13955151859717,76.58727849528749,3908.7051398298727,4003.138,4097.570860170127,4.7179417831774595,0.6766969672414791,4053.010558952315,4002.048271963546,3881.1564,3427.6134500000003,19.84884002910027,16.07332096052419,3.775519068576081,40.78243094738033,43.70802299863059,19.891049651080856,21.05398493479604,0.021199728302347714,0.9213378253148724,1.0386511592002676,3,10
2025-10-31,4036.52,4038.96,3972.15,4001.93,-0.008566806473909505,0,48.92108147181101,29.213257525859262,-37.899216775542584,67.11247430140185,3924.2027130440433,3990.692,4057.1812869559567,3.332218420061317,0.5845098550044913,4043.7231845973483,4002.040641514285,3889.9906,3433.04215,22.366152022202407,18.040210381844023,4.3259416403583835,38.07227410806453,40.88666774889248,18.97038700962471,20.079495517532237,0.02128072151936919,0.9134449024683072,1.0297532357254973,4,10
2025-11-02,4002.27,4002.27,3977.75,3980.23,-0.005422383699864808,1,47.37663782119114,21.481257158104654,-36.50497371463776,57.98623087274241,3920.7032901910898,3987.144,4053.58470980891,3.3327469391077935,0.44796864738587905,4032.178969216012,4000.6335033520736,3898.5468,3438.5217,24.23476948778052,22.14992051302773,2.0848489747527914,35.55569990012844,38.16906542375438,18.629579196950093,19.718762289292457,0.021279563354303133,0.9084918537184385,1.0241695185652162,6,11
2025-11-03,3979.14,4030.47,3962.34,3997.18,0.004258547872861618,0,48.73797720792834,16.53075821290531,-33.16437812786968,49.695136340774994,3932.086839894726,3993.668,4055.2491601052743,3.083939882097069,0.5285152146695181,4025.815520267646,4000.4106966841982,3906.7746,3443.9314000000004,21.58542828658415,22.72878326552236,-1.1433549789382091,33.215979994950125,35.644127051507326,19.790769858439266,18.71281531453723,0.021248556081110495,0.9123607097696033,1.0285309934899518,0,11
2025-11-04,3997.16,4000.66,3928.42,3934.32,-0.015726086891258206,1,44.17399585689836,7.4493045297672325,-33.796665448806216,41.24596997857345,3915.517109834672,3990.034,4064.5508901653284,3.7351506360761975,0.12616529033626442,4009.179971128074,3996.146780769089,3913.6398,3448.91435,17.031094225742958,20.950430666702545,-3.9193364409595866,31.13046583297772,33.343082866553075,18.701356779957532,20.267427147811937,0.021498661004850952,0.8980128459715964,1.0123562257159766,1,11
2025-11-05,3934.38,3990.25,3929.56,3973.37,0.009925476321194004,1,47.46519976987096,3.364412846057803,-30.305245706012514,33.66965855207032,3923.804644420944,3977.406,4031.007355579056,2.695292136586306,0.46235169841882623,4002.669067286606,3994.6773110420518,3920.4098,3453.8502000000003,16.67973353505991,18.432085349129004,-1.752351814069094,29.193916968289056,31.20494848161959,17.81416122301858,19.3059369453795,0.02092164116766941,0.9069260512104155,1.0224043434629337,2,11
2025-11-06,3973.3,4019.36,3964.42,3988.94,0.003918587999607537,1,48.76226095288561,1.3677095286666372,-25.841559218722946,27.209268747389583,3926.1154556023967,3974.808,4023.5005443976033,2.450057683168764,0.6451146184167739,4000.1728732344955,3994.307161942565,3927.5208,3458.872500000001,21.659107478601054,18.456645079801305,3.2024623987997494,27.28169701931296,29.20608142614534,19.368877089067972,18.452525885698368,0.020836751931060785,0.91047992075122,1.0264107248539742,3,11
2025-11-07,3988.97,4027.12,3983.8,4000.36,0.0028629159626367695,1,49.74237699209583,0.6987515503269606,-21.2084137576501,21.90716530797706,3924.8578282210356,3978.8340000000003,4032.810171778965,2.7131653031498537,0.6994028039645896,4000.206896282769,3994.69766762369,3934.6326,3463.9255000000007,32.59932290706224,23.646054640241065,8.953268266821173,25.62781015511601,27.410863561702534,19.316213266419915,17.784944270109456,0.020633698588510573,0.9130865482499988,1.0293492525023802,4,11
2025-11-09,4000.36,4011.95,3998.37,4011.64,0.0028197462228398695,1,50.744610629169784,1.0665052533336166,-16.672528043714752,17.73903329704837,3921.632184012728,3981.726,4041.8198159872722,3.0184807285720883,0.7488941624736857,4002.285642413174,3995.790721325388,3942.2342000000003,3468.9862000000003,42.824091612601464,32.36084066608825,10.463250946513213,24.092058066933127,25.686877543123046,19.08313897984367,17.57034666029945,0.018497640404627615,0.9156612205955527,1.0322517561691067,6,11
2025-11-10,4011.63,4122.39,4010.91,4119.56,0.02690171600642155,1,59.14003319093007,9.951480316904508,-6.230042384115091,16.1815227010196,3902.587176651095,4018.7740000000003,4134.960823348905,5.782202400478609,0.9337238814824264,4023.608252883506,4003.7758360785892,3951.7780000000002,3474.4264000000003,63.309404949761664,46.24427315647512,17.065131793286547,24.198547033209174,24.91317859416259,26.792845547893922,15.876729340011133,0.01890691137371886,0.9402940787101074,1.0600210997606978,0,11
2025-11-11,4119.54,4148.72,4096.64,4142.4,0.005544281428113473,1,60.667999186601776,18.62123023489403,1.951766027099545,16.669464207794483,3907.6420325797712,4052.5800000000004,4197.51796742023,7.152873844327779,0.8098566980023159,4045.206752359232,4012.7193305251317,3961.8662,3479.8887999999997,81.66502291570143,62.59950649268818,19.06551642301325,24.58625580347956,24.339156935206343,27.891969841536014,15.142404049712635,0.01896722873154247,0.9455073337076649,1.0658981550575095,1,11
2025-11-12,4142.38,4211.43,4098.69,4190.72,0.011664735419080863,0,63.755933855811186,29.05614848705227,9.909347423406228,19.14680106364604,3925.9132748399047,4092.9360000000006,4259.958725160096,8.161511695276722,0.7927266331760284,4071.663706475735,4024.203244684801,3972.146,3485.6101499999995,96.67439725898926,80.54960837481744,16.12478888417182,25.561136160302844,24.87984159675601,30.591093616345123,13.668589365332048,0.01790333524675351,0.9585427164413296,1.0783315750199418,2,11
2025-11-13,4190.7,4244.99,4145.35,4185.37,-0.00127663026878444,0,63.164634249935666,36.47374941410499,13.861558680367153,22.612190733737833,3984.9394507662146,4129.938,4274.936549233786,7.021826924945872,0.6911467400636716,4092.337578025601,4034.601099866427,3981.9728,3491.421149999999,91.06630419424026,89.80190812297698,1.2643960712632776,26.75691851052841,25.671587157003984,30.853088611248435,12.50971626997753,0.01115794860150762,0.9859552083750492,1.0769549442914854,3,11
2025-11-14,4185.64,4211.0,4037.3,4080.49,-0.025058716433672523,1,52.82211486741601,33.503109121463694,8.712734710180687,24.790374411283008,4051.365146026877,4143.7080000000005,4236.050853973124,4.457015502690984,0.15769955508197553,4090.183472930037,4037.5616740685928,3990.2048,3496.6993499999994,75.24385861147222,87.66152002156724,-12.417661410095022,25.97782947316592,25.76948281673438,26.61652004069548,19.33357991915256,0.012607122702878145,0.9612484363920764,1.0499678357306435,4,11
2025-11-16,4080.49,4106.25,4066.09,4096.04,0.0038108168381738583,0,54.02411591173804,32.034338417868184,5.79517120526814,26.239167212600044,4038.477004024283,4139.004,4239.530995975717,4.857545244011217,0.28630615794796954,4091.2482960336665,4041.3344692899745,3999.3248,3502.1309499999998,61.68337683936428,75.99784654835891,-14.31446970899463,25.25438965275789,26.00565408164315,25.73659583443127,18.694424802758856,0.012492084318858511,0.9649115781191475,1.0539690708385867,6,11
2025-11-17,4096.17,4101.76,4006.59,4036.32,-0.014579935742814909,1,48.873985557313695,25.754539850459878,-0.38770188971213315,26.14224174017201,3982.1872821556503,4117.7880000000005,4253.38871784435,6.586095148383058,0.19960336016246755,4081.2613331184543,4041.0109551422347,4006.3601999999996,3507.2086499999996,45.71906465074061,60.88210003385903,-15.16303538311842,23.704487882196734,24.841158677681328,23.73415873486336,22.104252609646185,0.012893430318630631,0.9508432293126722,1.0386022695108459,0,11
2025-11-18,4036.41,4082.17,3997.92,4076.6,0.009979387164545939,1,52.18491432655308,23.754190091374312,-1.91044131903816,25.664631410412472,3984.690455938406,4094.9640000000004,4205.237544061594,5.3858126255368335,0.4167343348022672,4080.413818006008,4043.3070225524134,4014.1702,3512.4857499999994,44.613618894188775,50.672020128097884,-6.058401233909109,22.14413440173039,23.69926202724414,22.09522732606577,21.288490113100167,0.012855828040130787,0.9603320620307704,1.0489668836682706,1,11
2025-11-19,4076.82,4132.73,4055.39,4104.14,0.006755629691409526,0,54.361130026983076,24.113184552587427,-1.241157486260036,25.354342038847463,4026.262818369342,4078.7180000000003,4131.173181630658,2.5721406398117357,0.7423211512162793,4084.727669277643,4047.231730774839,4021.2998000000002,3517.7293499999996,45.46651082962173,45.26639812485037,0.20011270477136378,21.34908511065713,22.52678649642693,24.860882635600998,19.928075650275044,0.012318930955730506,0.9668197098226381,1.0560533154928853,2,11
2025-11-20,4104.19,4109.85,4035.69,4078.61,-0.006220548031987239,0,51.99848095554706,22.08307269681336,-2.6170154736272835,24.700088170440644,4025.92338803912,4078.3420000000006,4130.760611960881,2.5705844169459313,0.5025563439203599,4083.6153657726168,4049.2561352409784,4027.5986000000003,3522.6974999999993,49.856133314550156,46.64542101278688,3.210712301763273,20.312165548731894,21.22814997523114,23.321877308050677,20.338882001422387,0.012239037513050399,0.9608055613794144,1.042006136646407,3,11
2025-11-21,4078.94,4101.13,4022.16,4063.84,-0.0036213317772476605,1,50.62756095345632,19.06263665372171,-4.509961213375146,23.572597867096857,4022.53164776401,4071.9020000000005,4121.272352235991,2.4249283129108012,0.4183518079690424,4080.01984472305,4050.1970297415605,4034.0178000000005,3527.5710499999996,46.06514476334609,47.12926296917266,-1.064118205826567,19.1424946631032,20.245789886880164,21.77598748408361,20.126386091958544,0.012250960394548985,0.9573261656682349,1.037972808332716,4,11
2025-11-23,4063.84,4077.25,1964.99,4074.96,0.002736328201897731,1,51.6608677398011,17.366025660943706,-4.965257764922523,22.33128342586623,4049.9299259276127,4079.6300000000006,4109.330074072388,1.4560180247908596,0.42138066745863734,4079.0998729552225,4051.7946407259765,4040.6260000000007,3532.3441499999994,58.41016914936822,51.443815742421485,6.966353406946737,23.552766210245125,21.93246587948851,7.484835789799845,70.8342165123642,0.011342099698896768,0.9599457242537675,2.073781545962066,6,11
2025-11-24,4075.92,4144.06,4039.89,4143.63,0.016851699157783173,0,57.5669070292447,21.316817325736338,-0.8115728801039133,22.12839020584025,4029.2370241469002,4093.0360000000005,4156.834975853101,3.117440249882996,0.8965110671720963,4090.832623327,4057.7195026146237,4048.3136000000004,3537.4872,74.510645710372,59.66198654102877,14.848659169343236,27.28946328546068,23.21597897428194,9.392909155602661,68.44842333436276,0.0116873604479941,0.9761224408066922,2.108728288693581,0,11
2025-11-25,4144.04,4159.05,4109.5,4133.38,-0.002473676462425467,1,56.45807678521338,23.351576409824702,0.9785489631875564,22.373027446637145,4025.3744542259715,4098.884000000001,4172.39354577403,3.5868078127621668,0.7346361934138544,4098.568509994818,4062.6008250265836,4055.6470000000004,3542.3427000000006,94.40058479532165,75.77379988502062,18.626784910301026,30.675582255545816,27.114174232895472,9.746700513533863,67.28748363363931,0.011609713713478822,0.9737078297004234,2.1035119771601893,1,11
2025-11-26,4133.43,4173.25,4132.44,4164.53,0.007536205236392313,0,59.040154702807634,27.164546331434394,3.8332151078377947,23.3313312235966,4027.6057691898795,4116.068,4204.530230810121,4.298385294417909,0.7739135083763632,4110.561508177578,4069.1769008313204,4062.2830000000004,3547.6018500000005,95.71008771929826,88.2071060749973,7.502981644300959,33.735617805207205,30.51254054533394,10.117940007328587,66.29023513090017,0.01166695475834318,0.981045891745328,2.119364475137278,2,11
2025-11-27,4164.56,4167.01,4142.48,4156.73,-0.0018729604541208866,1,58.11088777448844,29.220126226355205,4.711036002206885,24.50909022414832,4063.755308651262,4134.646,4205.536691348737,3.429105725072347,0.6557609298191264,4118.955779418018,4074.825487874461,4068.1672,3553.2101500000003,95.9016081871345,95.3374269005848,0.5641812865496973,36.57707938703564,33.62633082129073,10.021794228027723,65.66031181527649,0.010940443385539058,0.9792084315864112,2.115394989287477,3,11
2025-11-28,4163.39,4226.66,4110.84,4218.53,0.014867455908851523,1,63.070472374567125,35.42754493347093,8.734763767458084,26.692781166012843,4097.200133011771,4163.360000000001,4229.51986698823,3.1781958316470167,0.9169446109211068,4137.060183160196,4084.09674672127,4075.2728,3559.3007000000002,97.14649122807016,96.2527290448343,0.8937621832358644,38.821027670284494,36.27832273774585,11.933672125944335,62.63396480815139,0.011163148885972446,0.9937667697685978,2.146845531020514,4,11
2025-11-30,4218.53,4230.14,4204.77,4221.78,0.0007704105458536947,1,63.316449700914404,40.14643372185583,10.762922044674387,29.383511677181442,4100.381686190968,4178.99,4257.598313809031,3.762072357628597,0.7721722291611072,4152.463786221979,4092.9795372553817,4082.4624000000003,3565.5053500000004,98.19978352388264,97.08262764636243,1.1171558775202186,40.88074205923258,38.728910723134106,11.952853040875409,61.960289221668035,0.011172556534263939,0.9945323781681464,2.1484994834579307,6,11
2025-12-01,4221.57,4264.38,4215.15,4227.47,0.001347772740408093,0,63.771423288472164,43.839962730170555,11.565160842391293,32.27480188777926,4129.406832759241,4197.808,4266.209167240759,3.258899275086364,0.7168237852988374,4166.101279636165,4101.656341303422,4089.3014,3571.74895,98.95506495512112,98.10044656902464,0.854618386096476,42.545294256825514,40.683160963555004,13.21901904727142,60.59823335768847,0.011177955861414813,0.9913445799858361,2.151395172494517,0,12
2025-12-02,4227.6,4230.31,4163.47,4212.53,-0.003534028627051322,0,61.61072485343794,45.04235767708087,10.214044631441283,34.82831304563959,4149.725839153707,4207.408,4265.090160846294,2.7419333160127706,0.5443984754112114,4174.542865156862,4108.809480574169,4095.3676,3577.3829,98.59025843473428,98.58170230457935,0.008556130154929065,44.17427264551937,42.52750735237598,12.80736484395347,61.11893476337848,0.011268014233040824,0.9878411398608942,2.143792080366821,1,12
2025-12-03,4212.49,4241.5,4194.33,4206.97,-0.0013198719059566155,0,60.785303847639774,45.02756901523571,8.159404775676897,36.868164239558816,4201.507573121559,4217.456,4233.404426878441,0.756305549053308,0.17125284268083832,4180.438707855614,4115.14241731132,4100.1204,3582.4720500000003,97.88103221579055,98.47545186854865,-0.5944196527580914,45.597871750523765,44.07158300367464,13.059727983617847,59.70586234464977,0.009711855169511303,0.9865373160928436,2.1409625494277327,2,12
2025-12-04,4206.98,4219.24,4174.8,4205.93,-0.00024720879873163515,0,60.621701116778794,44.419884804214234,6.041376451724332,38.3785083524899,4196.113260563427,4214.936000000001,4233.758739436575,0.8931447327586473,0.26076808505086746,4185.073488245502,4120.99968071059,4104.3542,3587.31135,97.56877548683201,98.01335537911893,-0.4445798922869244,46.9556017852979,45.564937215408634,12.760401031041905,59.34466923481738,0.009658415758363173,0.9862934353880283,2.140433284647759,3,12
2025-12-05,4205.72,4259.21,4191.93,4196.37,-0.0022729812431496743,0,59.04840890486303,42.674948344818404,3.4371519938627983,39.237796350955605,4186.984414960094,4209.854,4232.7235850399065,1.0864787728936096,0.20519797415494245,4187.127399473592,4125.862281955068,4108.0498,3592.1737000000003,97.33451045712123,97.59477271991459,-0.2602622627933613,47.8651637156862,46.73151773310498,14.440785156492417,57.206919452956114,0.009330943627919272,0.9840516089091497,2.1355681199395415,4,12
